{
	"format_version": "1.8.0",
	"animations": {
		"animation.copperajah_gmax.ground_idle": {
			"loop": true,
			"animation_length": 8,
			"bones": {
				"2": {
					"position": {
						"0.0": [0, 0, 0],
						"2.0": [0, 2, 0],
						"4.0": [0, 0, 0],
						"6.0": [0, 2, 0],
						"8.0": [0, 0, 0]
					}
				},
				"7": {
					"position": {
						"0.0": [0, 0, 0],
						"2.0": [0, 2, 0],
						"4.0": [0, 0, 0],
						"6.0": [0, 2, 0],
						"8.0": [0, 0, 0]
					}
				},
				"body": {
					"position": {
						"0.0": [0, 0, 0],
						"2.0": [0, -1, 0],
						"4.0": [0, 0, 0],
						"6.0": [0, -1, 0],
						"8.0": [0, 0, 0]
					}
				},
				"torzo": {
					"position": {
						"0.0": [0, 0, 0],
						"2.0": [0, -1, 0],
						"4.0": [0, 0, 0],
						"6.0": [0, -1, 0],
						"8.0": [0, 0, 0]
					}
				},
				"trompa": {
					"rotation": {
						"0.0": [0, 0, 0],
						"2.0": [7.5, 0, 0],
						"4.0": [0, 0, 0],
						"6.0": [7.5, 0, 0],
						"8.0": [0, 0, 0]
					}
				},
				"nube": {
					"rotation": {
						"0.0": [0, 0, 0],
						"8.0": [0, 360, 0]
					}
				}
			}
		},
		"animation.copperajah_gmax.ground_walk": {
			"loop": true,
			"animation_length": 8,
			"bones": {
				"2": {
					"position": {
						"0.0": [0, 0, 0],
						"2.0": [0, 2, 0],
						"4.0": [0, 0, 0],
						"6.0": [0, 2, 0],
						"8.0": [0, 0, 0]
					}
				},
				"7": {
					"position": {
						"0.0": [0, 0, 0],
						"2.0": [0, 2, 0],
						"4.0": [0, 0, 0],
						"6.0": [0, 2, 0],
						"8.0": [0, 0, 0]
					}
				},
				"body": {
					"rotation": {
						"0.0": [0, 0, 0],
						"1.0": [0, 0, -5],
						"2.0": [0, 0, 0],
						"3.0": [0, 0, 5],
						"4.0": [0, 0, 0],
						"5.0": [0, 0, -5],
						"6.0": [0, 0, 0],
						"7.0": [0, 0, 5],
						"8.0": [0, 0, 0]
					},
					"position": {
						"0.0": [0, 0, 0],
						"1.0": [0, 1.5, 0],
						"2.0": [0, -1, 0],
						"3.0": [0, 1.5, 0],
						"4.0": [0, 0, 0],
						"5.0": [0, 1.5, 0],
						"6.0": [0, -1, 0],
						"7.0": [0, 1.5, 0],
						"8.0": [0, 0, 0]
					}
				},
				"torzo": {
					"position": {
						"0.0": [0, 0, 0],
						"2.0": [0, -1, 0],
						"4.0": [0, 0, 0],
						"6.0": [0, -1, 0],
						"8.0": [0, 0, 0]
					}
				},
				"trompa": {
					"rotation": {
						"0.0": [0, 0, 0],
						"2.0": [7.5, 0, 0],
						"4.0": [0, 0, 0],
						"6.0": [7.5, 0, 0],
						"8.0": [0, 0, 0]
					}
				},
				"nube": {
					"rotation": {
						"0.0": [0, 0, 0],
						"8.0": [0, 360, 0]
					}
				}
			}
		}
	}
}