{
	"format_version": "1.8.0",
	"animations": {
		"animation.drednaw_gmax.ground_idle": {
			"loop": true,
			"animation_length": 8,
			"bones": {
				"dssd": {
					"rotation": {
						"0.0": [0, 0, 0],
						"2.0": [7.5, 0, 0],
						"4.0": [0, 0, 0],
						"6.0": [7.5, 0, 0],
						"8.0": [0, 0, 0]
					}
				},
				"head": {
					"rotation": {
						"0.0": [0, 0, 0],
						"2.0": [5, 0, 0],
						"4.0": [0, 0, 0],
						"6.0": [5, 0, 0],
						"8.0": [0, 0, 0]
					}
				},
				"manos": {
					"rotation": {
						"0.0": [0, 0, 0],
						"2.0": [7.5, 0, 0],
						"4.0": [0, 0, 0],
						"6.0": [7.5, 0, 0],
						"8.0": [0, 0, 0]
					}
				},
				"dssdsd": {
					"rotation": {
						"0.0": [0, 0, 0],
						"2.0": [-7.5, 0, 0],
						"4.0": [0, 0, 0],
						"6.0": [-7.5, 0, 0],
						"8.0": [0, 0, 0]
					},
					"position": {
						"0.0": [0, 0, 0],
						"2.0": [0, 1, 0],
						"4.0": [0, 0, 0],
						"6.0": [0, 1, 0],
						"8.0": [0, 0, 0]
					}
				},
				"nubes": {
					"rotation": {
						"0.0": [0, 0, 0],
						"8.0": [0, 360, 0]
					}
				}
			}
		},
		"animation.drednaw_gmax.ground_walk": {
			"loop": true,
			"animation_length": 8,
			"bones": {
				"sdsd": {
					"rotation": {
						"0.0": [0, 0, 0],
						"1.0": [0, 0, -7.5],
						"2.0": [0, 0, 0],
						"3.0": [0, 0, 5],
						"4.0": [0, 0, 0],
						"5.0": [0, 0, -7.5],
						"6.0": [0, 0, 0],
						"7.0": [0, 0, 5],
						"8.0": [0, 0, 0]
					},
					"position": {
						"0.0": [0, 1, 0],
						"1.0": [0, 2, 0],
						"2.0": [0, 0, 0],
						"3.0": [0, 2, 0],
						"4.0": [0, 0, 0],
						"5.0": [0, 2, 0],
						"6.0": [0, 0, 0],
						"7.0": [0, 2, 0],
						"8.0": [0, 1, 0]
					}
				},
				"head": {
					"rotation": {
						"0.0": [0, 0, 0],
						"2.0": [-7.5, 0, 0],
						"4.0": [0, 0, 0],
						"6.0": [-7.5, 0, 0],
						"8.0": [0, 0, 0]
					}
				},
				"manos": {
					"rotation": {
						"0.0": [0, 0, 0],
						"1.0": [-5, 0, 0],
						"2.0": [0, 0, 0],
						"3.0": [-5, 0, 0],
						"4.0": [0, 0, 0],
						"5.0": [-5, 0, 0],
						"6.0": [0, 0, 0],
						"7.0": [-5, 0, 0],
						"8.0": [0, 0, 0]
					}
				},
				"dssdsd": {
					"rotation": [2.5, 0, 0]
				},
				"bone3": {
					"rotation": {
						"0.0": [0, 0, 0],
						"1.0": [-17.5, 0, 0],
						"2.0": [0, 0, 0],
						"5.0": [-17.5, 0, 0],
						"6.0": [0, 0, 0]
					}
				},
				"bone4": {
					"rotation": {
						"0.0": [0, 0, 0],
						"2.0": [0, 0, 0],
						"3.0": [-20, 0, 0],
						"4.0": [0, 0, 0],
						"6.0": [0, 0, 0],
						"7.0": [-20, 0, 0],
						"8.0": [0, 0, 0]
					}
				},
				"nubes": {
					"rotation": {
						"0.0": [0, 0, 0],
						"8.0": [0, 360, 0]
					}
				}
			}
		}
	}
}