{
	"format_version": "1.8.0",
	"animations": {
		"animation.gulpin.ground_idle": {
			"loop": true,
			"animation_length": 4,
			"bones": {
				"1": {
					"rotation": {
						"0.0": [0, 0, 0],
						"2.0": [0, 0, -7.5],
						"4.0": [0, 0, 0]
					}
				},
				"2": {
					"rotation": {
						"0.0": [0, 0, 0],
						"2.0": [0, 0, 5],
						"4.0": [0, 0, 0]
					}
				},
				"body": {
					"scale": {
						"0.0": [1, 1, 1],
						"2.0": [1.1, 1.1, 1],
						"4.0": [1, 1, 1]
					}
				},
				"pelo": {
					"rotation": {
						"0.0": [0, 0, 0],
						"2.0": [-15, 0, 0],
						"4.0": [0, 0, 0]
					}
				}
			}
		},
		"animation.gulpin.ground_walk": {
			"loop": true,
			"animation_length": 1,
			"bones": {
				"1": {
					"rotation": {
						"0.0": [0, 0, 0],
						"0.5": [0, 0, -30],
						"1.0": [0, 0, 0]
					}
				},
				"2": {
					"rotation": {
						"0.0": [0, 0, 0],
						"0.5": [0, 0, 15],
						"1.0": [0, 0, 0]
					}
				},
				"body": {
					"rotation": {
						"0.0": [0, 0, 0],
						"0.5": [15, 0, 0],
						"1.0": [0, 0, 0]
					},
					"position": {
						"0.0": [0, 0, 0],
						"0.5": [0, 6, 0],
						"1.0": [0, 0, 0]
					}
				},
				"cola": {
					"rotation": {
						"0.0": [0, 0, 0],
						"0.5": [-20, 0, 0],
						"1.0": [0, 0, 0]
					}
				},
				"pelo": {
					"rotation": {
						"0.0": [0, 0, 0],
						"0.5": [-20, 0, 0],
						"1.0": [0, 0, 0]
					}
				},
				"torzo2": {
					"rotation": {
						"0.0": [0, 0, 0],
						"0.5": [-17.5, 0, 0],
						"1.0": [0, 0, 0]
					}
				}
			}
		}
	}
}