{
	"format_version": "1.8.0",
	"animations": {
		"animation.karrablast.ground_idle": {
			"loop": true,
			"animation_length": 2,
			"bones": {
				"3": {
					"rotation": {
						"0.0": [0, 0, 0],
						"1.0": [0, 0, 20],
						"2.0": [0, 0, 0]
					}
				},
				"4": {
					"rotation": {
						"0.0": [0, 0, 0],
						"1.0": [0, 0, -20],
						"2.0": [0, 0, 0]
					}
				},
				"body": {
					"position": {
						"0.0": [0, 0, 0],
						"1.0": [0, -1, 0],
						"2.0": [0, 0, 0]
					}
				},
				"antena": {
					"rotation": {
						"0.0": [0, 0, 0],
						"1.0": [10, 0, 0],
						"2.0": [0, 0, 0]
					}
				},
				"piernas": {
					"position": {
						"0.0": [0, 0, 0],
						"1.0": [0, 1, 0],
						"2.0": [0, 0, 0]
					}
				}
			}
		},
		"animation.karrablast.ground_walk": {
			"loop": true,
			"animation_length": 1,
			"bones": {
				"3": {
					"rotation": {
						"0.0": [0, 0, 0],
						"0.5": [0, 0, -17.5],
						"1.0": [0, 0, 0]
					}
				},
				"4": {
					"rotation": {
						"0.0": [0, 0, 0],
						"0.5": [0, 0, 17.5],
						"1.0": [0, 0, 0]
					}
				},
				"5": {
					"rotation": {
						"0.0": [0, 0, 0],
						"0.5": [-15, 0, 0],
						"1.0": [0, 0, 0]
					}
				},
				"6": {
					"rotation": {
						"0.0": [0, 0, 0],
						"0.5": [-10, 0, 0],
						"1.0": [0, 0, 0]
					}
				},
				"body": {
					"rotation": {
						"0.0": [0, 0, 0],
						"0.5": [12.5, 0, 0],
						"1.0": [0, 0, 0]
					},
					"position": {
						"0.0": [0, 0, 0],
						"0.5": [0, 7, 0],
						"1.0": [0, 0, 0]
					}
				},
				"antena": {
					"rotation": {
						"0.0": [0, 0, 0],
						"0.5": [7.5, 0, 0],
						"1.0": [0, 0, 0]
					}
				}
			}
		}
	}
}