{
	"format_version": "1.12.0",
	"minecraft:geometry": [
		{
			"description": {
				"identifier": "geometry.unknown",
				"texture_width": 256,
				"texture_height": 256,
				"visible_bounds_width": 9,
				"visible_bounds_height": 10.5,
				"visible_bounds_offset": [0, 4.75, 0]
			},
			"bones": [
				{
					"name": "butterfree",
					"pivot": [0, 0, 0]
				},
				{
					"name": "bpody",
					"parent": "butterfree",
					"pivot": [0, 43, 1]
				},
				{
					"name": "head",
					"parent": "bpody",
					"pivot": [0, 68, -7],
					"cubes": [
						{"origin": [-7, 68, -8], "size": [16, 11, 16], "uv": [98, 79]},
						{"origin": [-1, 70, -10], "size": [4, 2, 2], "uv": [0, 14]},
						{"origin": [4, 74, -9], "size": [6, 6, 4], "uv": [136, 10]},
						{"origin": [1.5, 69.5, -9], "size": [1, 1, 0], "pivot": [2, 70, -10], "rotation": [0, 0, 45], "uv": [0, 14]},
						{"origin": [-0.5, 69.5, -9], "size": [1, 1, 0], "pivot": [0, 70, -10], "rotation": [0, 0, 45], "uv": [13, 0]},
						{"origin": [-8, 74, -9], "size": [6, 6, 4], "uv": [136, 0]}
					]
				},
				{
					"name": "antena",
					"parent": "head",
					"pivot": [-7, 54, 3]
				},
				{
					"name": "1",
					"parent": "antena",
					"pivot": [-1.5, 79, -1],
					"rotation": [7.47178, 0.65182, -4.95744],
					"cubes": [
						{"origin": [-2, 79, -2], "size": [1, 4, 1], "uv": [90, 44]}
					]
				},
				{
					"name": "bone",
					"parent": "1",
					"pivot": [-1.5, 83, -2],
					"rotation": [-10, 0, 0],
					"cubes": [
						{"origin": [-2, 83, -2], "size": [1, 4, 1], "uv": [86, 44]}
					]
				},
				{
					"name": "bone2",
					"parent": "bone",
					"pivot": [-1.5, 87, -2],
					"rotation": [-15, 0, 0],
					"cubes": [
						{"origin": [-2, 87, -2], "size": [1, 4, 1], "uv": [82, 44]}
					]
				},
				{
					"name": "bone3",
					"parent": "bone2",
					"pivot": [-1.5, 91, -2],
					"rotation": [-37.5, 0, 0],
					"cubes": [
						{"origin": [-2, 91, -2], "size": [1, 4, 1], "uv": [78, 44]}
					]
				},
				{
					"name": "bone4",
					"parent": "bone3",
					"pivot": [-1.5, 95, -2],
					"rotation": [-27.5, 0, 0],
					"cubes": [
						{"origin": [-2, 95, -2], "size": [1, 4, 1], "uv": [68, 5]}
					]
				},
				{
					"name": "bone5",
					"parent": "bone4",
					"pivot": [-1.5, 99, -2],
					"rotation": [-17.5, 0, 0],
					"cubes": [
						{"origin": [-2.5, 99, -2.5], "size": [2, 4, 2], "uv": [98, 79]}
					]
				},
				{
					"name": "2",
					"parent": "antena",
					"pivot": [3.5, 79, -1],
					"rotation": [7.47178, -0.65182, 4.95744],
					"cubes": [
						{"origin": [3, 79, -2], "size": [1, 4, 1], "uv": [68, 0]}
					]
				},
				{
					"name": "bone6",
					"parent": "2",
					"pivot": [3.5, 83, -2],
					"rotation": [-10, 0, 0],
					"cubes": [
						{"origin": [3, 83, -2], "size": [1, 4, 1], "uv": [67, 13]}
					]
				},
				{
					"name": "bone7",
					"parent": "bone6",
					"pivot": [3.5, 87, -2],
					"rotation": [-15, 0, 0],
					"cubes": [
						{"origin": [3, 87, -2], "size": [1, 4, 1], "uv": [14, 5]}
					]
				},
				{
					"name": "bone8",
					"parent": "bone7",
					"pivot": [3.5, 91, -2],
					"rotation": [-37.5, 0, 0],
					"cubes": [
						{"origin": [3, 91, -2], "size": [1, 4, 1], "uv": [14, 0]}
					]
				},
				{
					"name": "bone9",
					"parent": "bone8",
					"pivot": [3.5, 95, -2],
					"rotation": [-27.5, 0, 0],
					"cubes": [
						{"origin": [3, 95, -2], "size": [1, 4, 1], "uv": [13, 13]}
					]
				},
				{
					"name": "bone10",
					"parent": "bone9",
					"pivot": [3.5, 99, -2],
					"rotation": [-17.5, 0, 0],
					"cubes": [
						{"origin": [2.5, 99, -2.5], "size": [2, 4, 2], "uv": [70, 33]}
					]
				},
				{
					"name": "torzo",
					"parent": "bpody",
					"pivot": [0, 35, 0],
					"cubes": [
						{"origin": [-6, 47, -7], "size": [14, 21, 14], "uv": [98, 44]},
						{"origin": [-8, 49, -9], "size": [18, 17, 18], "uv": [0, 0]},
						{"origin": [-15, 41, 9.075], "size": [32, 32, 0], "uv": [72, 0]},
						{"origin": [-5, 46, -6], "size": [12, 1, 12], "uv": [124, 20]}
					]
				},
				{
					"name": "manos",
					"parent": "torzo",
					"pivot": [0, 35, -2]
				},
				{
					"name": "3",
					"parent": "manos",
					"pivot": [0, 29, -16],
					"cubes": [
						{"origin": [5, 59, -11], "size": [3, 4, 2], "uv": [98, 50]},
						{"origin": [4, 59, -10], "size": [1, 1, 0], "uv": [11, 2]},
						{"origin": [4, 62, -10], "size": [1, 1, 0], "uv": [11, 1]},
						{"origin": [4, 60.5, -10], "size": [1, 1, 0], "uv": [11, 0]}
					]
				},
				{
					"name": "4",
					"parent": "manos",
					"pivot": [2, 29, -16],
					"cubes": [
						{"origin": [-6, 59, -11], "size": [3, 4, 2], "uv": [98, 44]},
						{"origin": [-3, 59, -10], "size": [1, 1, 0], "uv": [0, 2]},
						{"origin": [-3, 62, -10], "size": [1, 1, 0], "uv": [0, 1]},
						{"origin": [-3, 60.5, -10], "size": [1, 1, 0], "uv": [0, 0]}
					]
				},
				{
					"name": "alas",
					"parent": "torzo",
					"pivot": [0, 35, 17]
				},
				{
					"name": "bone11",
					"parent": "alas",
					"pivot": [5, 58.66645, 9.10656],
					"cubes": [
						{"origin": [5, 49, 9], "size": [0, 16, 48], "uv": [0, 20]},
						{"origin": [5, 65, 11], "size": [0, 8, 50], "uv": [0, 58]},
						{"origin": [5, 73, 12], "size": [0, 12, 49], "uv": [0, 47]},
						{"origin": [5, 85, 16], "size": [0, 12, 49], "uv": [0, 35]},
						{"origin": [5, 97, 19], "size": [0, 19, 49], "uv": [0, 0]},
						{"origin": [5, 116, 24], "size": [0, 9, 48], "uv": [0, 68]},
						{"origin": [5, 36, 11], "size": [0, 13, 32], "uv": [78, 93]},
						{"origin": [5, 25, 13], "size": [0, 11, 39], "uv": [0, 86]},
						{"origin": [5, 15.2, 52], "size": [0, 11, 11], "pivot": [5, 20.5, 57.5], "rotation": [35, 0, 0], "uv": [0, 125]},
						{"origin": [5, 17, 16], "size": [0, 8, 36], "uv": [78, 0]},
						{"origin": [5, 9, 26], "size": [0, 8, 21], "uv": [100, 85]},
						{"origin": [5, 125, 30], "size": [0, 9, 39], "uv": [0, 0]},
						{"origin": [5, 134, 36], "size": [0, 9, 22], "uv": [96, 94]}
					]
				},
				{
					"name": "bone12",
					"parent": "alas",
					"pivot": [-3, 58.66645, 9.10656],
					"cubes": [
						{"origin": [-3, 49, 9], "size": [0, 16, 48], "uv": [0, 20]},
						{"origin": [-3, 65, 11], "size": [0, 8, 50], "uv": [0, 58]},
						{"origin": [-3, 73, 12], "size": [0, 12, 49], "uv": [0, 47]},
						{"origin": [-3, 85, 16], "size": [0, 12, 49], "uv": [0, 35]},
						{"origin": [-3, 97, 19], "size": [0, 19, 49], "uv": [0, 0]},
						{"origin": [-3, 116, 24], "size": [0, 9, 48], "uv": [0, 68]},
						{"origin": [-3, 36, 11], "size": [0, 13, 32], "uv": [78, 93]},
						{"origin": [-3, 25, 13], "size": [0, 11, 39], "uv": [0, 86]},
						{"origin": [-3, 15.2, 52], "size": [0, 11, 11], "pivot": [-3, 20.5, 57.5], "rotation": [35, 0, 0], "uv": [0, 125]},
						{"origin": [-3, 17, 16], "size": [0, 8, 36], "uv": [78, 0]},
						{"origin": [-3, 9, 26], "size": [0, 8, 21], "uv": [100, 85]},
						{"origin": [-3, 125, 30], "size": [0, 9, 39], "uv": [0, 0]},
						{"origin": [-3, 134, 36], "size": [0, 9, 22], "uv": [96, 94]}
					]
				},
				{
					"name": "patas",
					"parent": "bpody",
					"pivot": [0, 40, 3]
				},
				{
					"name": "5",
					"parent": "patas",
					"pivot": [5, 46, 1.5],
					"cubes": [
						{"origin": [3, 35, -1], "size": [4, 11, 3], "uv": [54, 0]}
					]
				},
				{
					"name": "6",
					"parent": "patas",
					"pivot": [-3, 46, 1.5],
					"cubes": [
						{"origin": [-5, 35, -1], "size": [4, 11, 3], "uv": [0, 0]}
					]
				},
				{
					"name": "nubes",
					"parent": "bpody",
					"pivot": [0, 87, -3]
				},
				{
					"name": "7",
					"parent": "nubes",
					"pivot": [5, 85, -7],
					"cubes": [
						{"origin": [-10, 82.5, -19.5], "size": [8, 7, 7], "pivot": [-2, 86, -19], "rotation": [0, 10, 0], "uv": [164, 125]},
						{"origin": [-2, 83, -19], "size": [6, 6, 6], "uv": [66, 172]},
						{"origin": [4, 84, -18], "size": [4, 4, 4], "pivot": [3.75, 86, -18], "rotation": [0, -17.5, 0], "uv": [100, 176]},
						{"origin": [7.47473, 85, -15.788], "size": [2, 2, 2], "pivot": [7.42461, 86, -15.68763], "rotation": [0, -37.5, 0], "uv": [96, 148]},
						{"origin": [11.07698, 85.5, -14.0924], "size": [1, 1, 1], "pivot": [8.9868, 86, -14.50397], "rotation": [0, -55, 0], "uv": [85, 147]}
					]
				},
				{
					"name": "8",
					"parent": "nubes",
					"pivot": [-2.3376, 86, -3.59219],
					"rotation": [0, 130, 0],
					"cubes": [
						{"origin": [-13, 82.5, -17.5], "size": [8, 7, 7], "pivot": [-5, 86, -17], "rotation": [0, 10, 0], "uv": [129, 163]},
						{"origin": [-5, 83, -17], "size": [6, 6, 6], "uv": [171, 66]},
						{"origin": [1, 84, -16], "size": [4, 4, 4], "pivot": [0.75, 86, -16], "rotation": [0, -17.5, 0], "uv": [34, 165]},
						{"origin": [4.47473, 85, -13.788], "size": [2, 2, 2], "pivot": [4.42461, 86, -13.68763], "rotation": [0, -37.5, 0], "uv": [157, 164]},
						{"origin": [8.07698, 85.5, -12.0924], "size": [1, 1, 1], "pivot": [5.9868, 86, -12.50397], "rotation": [0, -55, 0], "uv": [7, 161]}
					]
				},
				{
					"name": "9",
					"parent": "nubes",
					"pivot": [0.83963, 86, -5.10524],
					"rotation": [0, -117.5, 0],
					"cubes": [
						{"origin": [-8.93953, 82.5, -22.41952], "size": [8, 7, 7], "pivot": [-0.93953, 86, -21.91952], "rotation": [0, 10, 0], "uv": [162, 48]},
						{"origin": [-0.93953, 83, -21.91952], "size": [6, 6, 6], "uv": [159, 169]},
						{"origin": [5.06047, 84, -20.91952], "size": [4, 4, 4], "pivot": [4.81047, 86, -20.91952], "rotation": [0, -17.5, 0], "uv": [106, 149]},
						{"origin": [8.53519, 85, -18.70752], "size": [2, 2, 2], "pivot": [8.48507, 86, -18.60714], "rotation": [0, -37.5, 0], "uv": [156, 142]},
						{"origin": [12.13745, 85.5, -17.01191], "size": [1, 1, 1], "pivot": [10.04727, 86, -17.42348], "rotation": [0, -55, 0], "uv": [167, 12]}
					]
				}
			]
		}
	]
}