{
	"format_version": "1.12.0",
	"minecraft:geometry": [
		{
			"description": {
				"identifier": "geometry.unknown",
				"texture_width": 256,
				"texture_height": 256,
				"visible_bounds_width": 8,
				"visible_bounds_height": 7.5,
				"visible_bounds_offset": [0, 3.25, 0]
			},
			"bones": [
				{
					"name": "eevee",
					"pivot": [0, 0, 0]
				},
				{
					"name": "felpudo",
					"parent": "eevee",
					"pivot": [0, 0, 0],
					"rotation": [0, 90, 0]
				},
				{
					"name": "head",
					"parent": "felpudo",
					"pivot": [11, 35.60021, -1.06023],
					"cubes": [
						{"origin": [-1, 37, -10], "size": [15, 15, 18], "uv": [150, 0]},
						{"origin": [14, 37, -9], "size": [2, 7, 16], "uv": [200, 160]},
						{"origin": [14, 48.5, -6.6], "size": [1, 1, 4], "pivot": [14.5, 50.5, -4], "rotation": [-37.5, 0, 0], "uv": [94, 47]},
						{"origin": [14, 47.6, 0.9], "size": [1, 1, 4], "pivot": [14.5, 48.9, 1.1], "rotation": [42.5, 0, 0], "uv": [72, 41]},
						{"origin": [0, 52, -9], "size": [13, 2, 16], "uv": [88, 47]},
						{"origin": [10, 52, 5], "size": [0, 6, 6], "uv": [42, 95]},
						{"origin": [10, 52, -13], "size": [0, 6, 6], "pivot": [10, 55, -10], "rotation": [0, 180, 0], "uv": [64, 33]}
					]
				},
				{
					"name": "peinado",
					"parent": "head",
					"pivot": [0, -7, 0],
					"cubes": [
						{"origin": [8, 53.6, 0], "size": [2, 6, 2], "pivot": [9, 54, 1], "rotation": [0, -10, -17.5], "uv": [64, 45]},
						{"origin": [8.21049, 53.07321, -3], "size": [2, 5, 2], "pivot": [8.36852, 53.20281, -2], "rotation": [-0.73532, 6.96146, -23.54473], "uv": [21, 0]},
						{"origin": [8, 53, 3], "size": [2, 4, 2], "pivot": [9, 54, 4], "rotation": [0, -10, -40], "uv": [21, 14]},
						{"origin": [8.7893, 53.73464, -6], "size": [2, 3, 2], "pivot": [10.67861, 53.38302, -5], "rotation": [0, 21, -40], "uv": [79, 0]}
					]
				},
				{
					"name": "orejas",
					"parent": "head",
					"pivot": [0, -7, 0]
				},
				{
					"name": "1",
					"parent": "orejas",
					"pivot": [7.06, 52.27418, 6.6671],
					"cubes": [
						{"origin": [6.025, 50.5585, 4.40255], "size": [2, 18, 2], "pivot": [7, 52.04329, 7.3097], "rotation": [-36.5, 0, 0], "uv": [54, 219]},
						{"origin": [7.575, 50.6585, -7.89745], "size": [0, 32, 16], "pivot": [7, 52.04329, 7.3097], "rotation": [-78.5, 0, 0], "uv": [52, 171]},
						{"origin": [6.15, 50.6585, -7.89745], "size": [0, 32, 16], "pivot": [7, 52.04329, 7.3097], "rotation": [-78.5, 0, 0], "uv": [100, 161]},
						{"origin": [6, 66.44886, 14.49279], "size": [2, 18, 2], "pivot": [7, 66.28828, 15.55365], "rotation": [-73.5, 0, 0], "uv": [46, 218]},
						{"origin": [6, 50.6585, 6.40255], "size": [2, 18, 2], "pivot": [7, 52.04329, 7.3097], "rotation": [-78.5, 0, 0], "uv": [176, 195]},
						{"origin": [6, 55.43734, 22.45963], "size": [2, 18, 2], "pivot": [7, 55.25915, 23.42919], "rotation": [-35.5, 0, 0], "uv": [168, 195]}
					]
				},
				{
					"name": "2",
					"parent": "orejas",
					"pivot": [6.865, 54.76681, -7.35907],
					"rotation": [-162.5, 0, 180],
					"cubes": [
						{"origin": [5.955, 50.88194, -11.0331], "size": [2, 18, 2], "pivot": [6.93, 52.36674, -8.12596], "rotation": [-36.5, 0, 0], "uv": [92, 187]},
						{"origin": [6.68, 50.98194, -23.3331], "size": [0, 32, 16], "pivot": [6.93, 52.36674, -8.12596], "rotation": [-78.5, 0, 0], "uv": [52, 171]},
						{"origin": [5.93, 66.77231, -0.94287], "size": [2, 18, 2], "pivot": [6.93, 66.61172, 0.118], "rotation": [-73.5, 0, 0], "uv": [84, 187]},
						{"origin": [7.855, 50.98194, -23.3331], "size": [0, 32, 16], "pivot": [6.93, 52.36674, -8.12596], "rotation": [-78.5, 0, 0], "uv": [100, 161]},
						{"origin": [5.93, 50.98194, -9.0331], "size": [2, 18, 2], "pivot": [6.93, 52.36674, -8.12596], "rotation": [-78.5, 0, 0], "uv": [130, 65]},
						{"origin": [5.93, 55.76078, 7.02397], "size": [2, 18, 2], "pivot": [6.93, 55.5826, 7.99353], "rotation": [-35.5, 0, 0], "uv": [122, 65]}
					]
				},
				{
					"name": "nube",
					"parent": "2",
					"pivot": [3.46742, 61.62236, 2.59158],
					"rotation": [0, 0, 20],
					"cubes": [
						{"origin": [-5.8897, 71.32345, 2.48576], "size": [8, 8, 8], "pivot": [-1.8897, 75.32345, 6.48576], "rotation": [-155, 70, 180], "uv": [160, 218]},
						{"origin": [11.73552, 72.02345, -9.34315], "size": [6, 6, 6], "pivot": [14.78552, 77.37345, 0.25685], "rotation": [167.5, 70, 180], "uv": [0, 117]},
						{"origin": [12.33552, 71.62345, -3.34315], "size": [5, 5, 4], "pivot": [14.78552, 77.37345, 0.25685], "rotation": [148.5, 70, 180], "uv": [0, 101]},
						{"origin": [14.07705, 69.78166, -4.00145], "size": [4, 4, 2], "pivot": [16.02705, 73.08166, -0.30145], "rotation": [127.5, 70, 180], "uv": [12, 129]},
						{"origin": [14.81866, 69.75891, -1.17239], "size": [2, 2, 2], "pivot": [15.81866, 71.25891, -0.17239], "rotation": [117.5, 70, 180], "uv": [87, 25]},
						{"origin": [6.725, 73.42345, -9.30146], "size": [7, 7, 7], "pivot": [10.275, 75.72345, 1.89854], "rotation": [0, 110, 0], "uv": [79, 11]},
						{"origin": [0.49887, 73.42345, -2.42968], "size": [7, 7, 7], "pivot": [4.7561, 61.69971, 3.15464], "rotation": [-180, 70, 60], "uv": [0, 14]},
						{"origin": [3.09887, 74.84384, -0.99898], "size": [2, 2, 2], "pivot": [4.7561, 61.69971, 3.15464], "rotation": [117.5, 70, 60], "uv": [79, 25]},
						{"origin": [2.19887, 74.66898, -2.40815], "size": [4, 4, 2], "pivot": [4.7561, 61.69971, 3.15464], "rotation": [127.5, 70, 60], "uv": [0, 129]},
						{"origin": [1.59887, 74.75594, 0.24596], "size": [5, 5, 4], "pivot": [4.7561, 61.69971, 3.15464], "rotation": [148.5, 70, 60], "uv": [42, 92]},
						{"origin": [0.99887, 73.90628, 0.33101], "size": [6, 6, 6], "pivot": [4.7561, 61.69971, 3.15464], "rotation": [167.5, 70, 60], "uv": [0, 51]},
						{"origin": [-0.10113, 73.16776, -1.78019], "size": [8, 8, 8], "pivot": [4.7561, 61.69971, 3.15464], "rotation": [-155, 70, 60], "uv": [104, 218]},
						{"origin": [-2.78517, 72.46719, -0.49951], "size": [8, 8, 8], "pivot": [2.7561, 62.69971, 3.15464], "rotation": [-155, 70, -60], "uv": [216, 11]},
						{"origin": [-1.68517, 74.33676, 2.38229], "size": [6, 6, 6], "pivot": [2.7561, 62.69971, 3.15464], "rotation": [167.5, 70, -60], "uv": [0, 39]},
						{"origin": [-1.08517, 75.88528, 2.3709], "size": [5, 5, 4], "pivot": [2.7561, 62.69971, 3.15464], "rotation": [148.5, 70, -60], "uv": [0, 92]},
						{"origin": [-0.48517, 76.55124, -0.47069], "size": [4, 4, 2], "pivot": [2.7561, 62.69971, 3.15464], "rotation": [127.5, 70, -60], "uv": [122, 85]},
						{"origin": [0.41483, 77.04912, 0.75583], "size": [2, 2, 2], "pivot": [2.7561, 62.69971, 3.15464], "rotation": [117.5, 70, -60], "uv": [64, 53]},
						{"origin": [-2.18517, 73.42345, -0.5503], "size": [7, 7, 7], "pivot": [2.7561, 62.69971, 3.15464], "rotation": [180, 70, -60], "uv": [0, 0]}
					]
				},
				{
					"name": "cuerpo",
					"parent": "felpudo",
					"pivot": [0, -7, 0]
				},
				{
					"name": "torzo",
					"parent": "cuerpo",
					"pivot": [0, -7, 0],
					"cubes": [
						{"origin": [-2.9, 8, -13], "size": [20, 29, 24], "uv": [0, 39]},
						{"origin": [-21.8, 8, -13], "size": [19, 13, 24], "uv": [92, 117]},
						{"origin": [-14.5, 9.9, -12.375], "size": [17, 25, 23], "pivot": [-6.3, 22.5, -1], "rotation": [0, 0, 47.5], "uv": [65, 69]}
					]
				},
				{
					"name": "collarpeludo",
					"parent": "torzo",
					"pivot": [0, -7, 0],
					"cubes": [
						{"origin": [-3, 8, 11], "size": [11, 32, 7], "uv": [198, 101]},
						{"origin": [-12, 8, 3], "size": [9, 33, 17], "uv": [0, 150]},
						{"origin": [-14, 8, -20], "size": [11, 31, 23], "uv": [145, 47]},
						{"origin": [8, 10, 11], "size": [15, 28, 9], "uv": [52, 150]},
						{"origin": [17, 8, -1], "size": [6, 31, 12], "uv": [132, 183]},
						{"origin": [17, 9, -13], "size": [8, 29, 12], "uv": [160, 154]},
						{"origin": [8, 9, -20], "size": [15, 30, 7], "uv": [154, 101]},
						{"origin": [-3, 7, -22], "size": [11, 30, 9], "uv": [191, 186]}
					]
				},
				{
					"name": "hmmpatas",
					"parent": "cuerpo",
					"pivot": [0, -7, 0]
				},
				{
					"name": "3",
					"parent": "hmmpatas",
					"pivot": [8.83333, 12.58333, 8],
					"cubes": [
						{"origin": [-1, 6, 3], "size": [14, 10, 10], "uv": [0, 200]},
						{"origin": [-1, 3, 3], "size": [9, 3, 10], "uv": [213, 75]},
						{"origin": [0, 0, 4], "size": [12, 3, 8], "uv": [213, 64]},
						{"origin": [12, 0, 4], "size": [1, 3, 2], "uv": [58, 105]},
						{"origin": [12, 0, 7], "size": [1, 3, 2], "uv": [54, 102]},
						{"origin": [12, 0, 10], "size": [1, 3, 2], "uv": [100, 11]}
					]
				},
				{
					"name": "bone",
					"parent": "hmmpatas",
					"pivot": [8.83333, 14.58333, -10],
					"cubes": [
						{"origin": [-1, 6, -15], "size": [14, 10, 10], "uv": [190, 33]},
						{"origin": [-1, 3, -15], "size": [9, 3, 10], "uv": [74, 209]},
						{"origin": [0, 0, -14], "size": [12, 3, 8], "uv": [198, 0]},
						{"origin": [12, 0, -8], "size": [1, 3, 2], "uv": [58, 99]},
						{"origin": [12, 0, -11], "size": [1, 3, 2], "uv": [94, 52]},
						{"origin": [12, 0, -14], "size": [1, 3, 2], "uv": [79, 11]}
					]
				},
				{
					"name": "bone2",
					"parent": "hmmpatas",
					"pivot": [-10.16667, 15.58333, 8],
					"cubes": [
						{"origin": [-20, 6, 3], "size": [14, 10, 10], "uv": [188, 140]},
						{"origin": [-20, 3, 3], "size": [9, 3, 10], "uv": [130, 47]},
						{"origin": [-19, 0, 4], "size": [12, 3, 8], "uv": [190, 53]},
						{"origin": [-7, 0, 10], "size": [1, 3, 2], "uv": [18, 51]},
						{"origin": [-7, 0, 7], "size": [1, 3, 2], "uv": [0, 51]},
						{"origin": [-7, 0, 4], "size": [1, 3, 2], "uv": [18, 39]}
					]
				},
				{
					"name": "bone3",
					"parent": "hmmpatas",
					"pivot": [-10.16667, 19.58333, -10],
					"cubes": [
						{"origin": [-20, 6, -15], "size": [14, 10, 10], "uv": [67, 117]},
						{"origin": [-20, 3, -15], "size": [9, 3, 10], "uv": [109, 1]},
						{"origin": [-19, 0, -14], "size": [12, 3, 8], "uv": [79, 0]},
						{"origin": [-7, 0, -8], "size": [1, 3, 2], "uv": [0, 39]},
						{"origin": [-7, 0, -11], "size": [1, 3, 2], "uv": [0, 14]},
						{"origin": [-7, 0, -14], "size": [1, 3, 2], "uv": [0, 0]}
					]
				},
				{
					"name": "cola",
					"parent": "cuerpo",
					"pivot": [-21.28, 10, -0.7],
					"rotation": [0, 0, -17.5],
					"cubes": [
						{"origin": [-33, 8, -10], "size": [12, 7, 18], "uv": [0, 92]},
						{"origin": [-39, 15, -13.05], "size": [21, 8, 25], "uv": [0, 117]},
						{"origin": [-34.9, 41, -10], "size": [12, 5, 18], "uv": [100, 154]},
						{"origin": [-33.9, 46, -6], "size": [10, 5, 10], "uv": [64, 47]},
						{"origin": [-39, 33, -13], "size": [21, 8, 25], "uv": [83, 14]},
						{"origin": [-41, 23, -15], "size": [25, 10, 29], "uv": [0, 0]}
					]
				}
			]
		}
	]
}