{
	"format_version": "1.12.0",
	"minecraft:geometry": [
		{
			"description": {
				"identifier": "geometry.unknown",
				"texture_width": 128,
				"texture_height": 128,
				"visible_bounds_width": 3,
				"visible_bounds_height": 5.5,
				"visible_bounds_offset": [0, 2.25, 0]
			},
			"bones": [
				{
					"name": "escavalier",
					"pivot": [0, 0, 0]
				},
				{
					"name": "body",
					"parent": "escavalier",
					"pivot": [0, 4, 0],
					"rotation": [5, 0, 0]
				},
				{
					"name": "cabeza",
					"parent": "body",
					"pivot": [0.5, 28.58333, 8.33333],
					"cubes": [
						{"origin": [-4, 33, 0], "size": [9, 3, 13], "uv": [34, 0]},
						{"origin": [-4, 30, -4], "size": [9, 3, 16], "uv": [0, 0]},
						{"origin": [-4, 29, -4], "size": [9, 1, 5], "uv": [78, 9]},
						{"origin": [-3, 33, 13], "size": [7, 2, 3], "uv": [89, 51]},
						{"origin": [-4, 33, -8], "size": [9, 2, 8], "uv": [31, 19]},
						{"origin": [-3, 31, -7], "size": [7, 2, 3], "uv": [86, 0]}
					]
				},
				{
					"name": "peinado",
					"parent": "cabeza",
					"pivot": [0.5, 36, 11.83333],
					"rotation": [7.5, 0, 0],
					"cubes": [
						{"origin": [0, 36, 4], "size": [1, 4, 8], "uv": [16, 83]},
						{"origin": [0, 40, 1], "size": [1, 2, 14], "uv": [52, 62]},
						{"origin": [0, 41, 15], "size": [1, 10, 4], "uv": [52, 52]},
						{"origin": [0, 41, -9], "size": [1, 10, 10], "uv": [67, 42]},
						{"origin": [0, 41, 19], "size": [1, 7, 3], "uv": [0, 42]},
						{"origin": [0, 41, -12], "size": [1, 7, 3], "uv": [94, 37]},
						{"origin": [0, 39, 20], "size": [1, 2, 2], "uv": [31, 19]},
						{"origin": [0, 39, -12], "size": [1, 2, 2], "uv": [31, 23]},
						{"origin": [0, 42, 1], "size": [1, 10, 14], "uv": [36, 52]}
					]
				},
				{
					"name": "dientes",
					"parent": "cabeza",
					"pivot": [0, -12, 0]
				},
				{
					"name": "3",
					"parent": "dientes",
					"pivot": [-2.975, 3.5, 0],
					"cubes": [
						{"origin": [5, 29.5, -1], "size": [0, 1, 1], "pivot": [5.025, 30, -0.5], "rotation": [-45.21761, 0.01344, 7.06656], "uv": [2, 2]},
						{"origin": [-4, 29.5, -1], "size": [0, 1, 1], "pivot": [-4, 30, -0.5], "rotation": [-45.21761, -0.01344, -7.06656], "uv": [0, 2]}
					]
				},
				{
					"name": "torzo",
					"parent": "body",
					"pivot": [0, 1, 0],
					"cubes": [
						{"origin": [-4, 18, 1], "size": [9, 12, 9], "uv": [0, 43]}
					]
				},
				{
					"name": "cola",
					"parent": "torzo",
					"pivot": [0.5, 20.72135, 9.58617],
					"cubes": [
						{"origin": [-2, 19, -10], "size": [5, 3, 8], "pivot": [0.5, 20.75, 9.75], "rotation": [-15, 0, 0], "uv": [68, 62]},
						{"origin": [-5, 11, 0], "size": [11, 10, 11], "pivot": [0.5, 20.75, 9.75], "rotation": [-15, 0, 0], "uv": [33, 31]},
						{"origin": [-4, 8, -3], "size": [9, 11, 13], "pivot": [0.5, 20.75, 9.75], "rotation": [-15, 0, 0], "uv": [16, 101]},
						{"origin": [0, -2, -3], "size": [1, 10, 4], "pivot": [0.5, 20.75, 9.75], "rotation": [-15, 0, 0], "uv": [36, 52]},
						{"origin": [0, 1, 1], "size": [1, 7, 4], "pivot": [0.5, 20.75, 9.75], "rotation": [-15, 0, 0], "uv": [10, 93]},
						{"origin": [0, 4, 5], "size": [1, 4, 4], "pivot": [0.5, 20.75, 9.75], "rotation": [-15, 0, 0], "uv": [26, 83]},
						{"origin": [-3, 9, -10], "size": [7, 10, 7], "pivot": [0.5, 20.75, 9.75], "rotation": [-15, 0, 0], "uv": [66, 16]}
					]
				},
				{
					"name": "brazos",
					"parent": "body",
					"pivot": [0, 4, 0]
				},
				{
					"name": "1",
					"parent": "brazos",
					"pivot": [6.28462, 26.83475, 2.61718],
					"cubes": [
						{"origin": [5, 23, 1], "size": [1, 8, 8], "pivot": [5.5, 26.5, 5.5], "rotation": [-45, 0, 0], "uv": [52, 80]},
						{"origin": [6, 25, 4], "size": [4, 3, 3], "pivot": [5.5, 26.5, 5.5], "rotation": [-45, 0, 0], "uv": [57, 16]},
						{"origin": [10, 24, 3], "size": [3, 5, 5], "pivot": [5.5, 26.5, 5.5], "rotation": [-45, 0, 0], "uv": [34, 88]},
						{"origin": [9, 29, 3], "size": [5, 3, 5], "pivot": [5.5, 26.5, 5.5], "rotation": [-45, 0, 0], "uv": [87, 15]},
						{"origin": [8, 22, 2], "size": [7, 2, 7], "pivot": [5.5, 26.5, 5.5], "rotation": [-45, 0, 0], "uv": [66, 33]},
						{"origin": [8.5, 14, 2.5], "size": [6, 4, 6], "pivot": [5.5, 26.5, 5.5], "rotation": [-45, 0, 0], "uv": [0, 79]},
						{"origin": [8.5, 18, 2.5], "size": [6, 4, 6], "pivot": [5.5, 26.5, 5.5], "rotation": [-45, 0, 0], "uv": [36, 78]},
						{"origin": [10, 32, 4], "size": [3, 3, 3], "pivot": [5.5, 26.5, 5.5], "rotation": [-45, 0, 0], "uv": [84, 93]},
						{"origin": [11, 35, 5], "size": [1, 2, 1], "pivot": [5.5, 26.5, 5.5], "rotation": [-45, 0, 0], "uv": [11, 0]},
						{"origin": [8.9, 6, 3], "size": [5, 4, 5], "pivot": [5.5, 26.5, 5.5], "rotation": [-45, 0, 0], "uv": [89, 28]},
						{"origin": [8.9, 10, 3], "size": [5, 4, 5], "pivot": [5.5, 26.5, 5.5], "rotation": [-45, 0, 0], "uv": [87, 84]},
						{"origin": [5, 31, 1], "size": [1, 2, 6], "pivot": [5.5, 26.5, 5.5], "rotation": [-45, 0, 0], "uv": [70, 89]},
						{"origin": [9.9, -1, 4], "size": [3, 7, 3], "pivot": [5.5, 26.5, 5.5], "rotation": [-45, 0, 0], "uv": [34, 0]}
					]
				},
				{
					"name": "2",
					"parent": "brazos",
					"pivot": [-5.28462, 27.83475, 2.61718],
					"cubes": [
						{"origin": [-5, 23, 1], "size": [1, 8, 8], "pivot": [-4.5, 26.5, 5.5], "rotation": [-45, 0, 0], "uv": [74, 73]},
						{"origin": [-9, 25, 4], "size": [4, 3, 3], "pivot": [-4.5, 26.5, 5.5], "rotation": [-45, 0, 0], "uv": [0, 10]},
						{"origin": [-12, 24, 3], "size": [3, 5, 5], "pivot": [-4.5, 26.5, 5.5], "rotation": [-45, 0, 0], "uv": [0, 0]},
						{"origin": [-13, 29, 3], "size": [5, 3, 5], "pivot": [-4.5, 26.5, 5.5], "rotation": [-45, 0, 0], "uv": [84, 73]},
						{"origin": [-14, 22, 2], "size": [7, 2, 7], "pivot": [-4.5, 26.5, 5.5], "rotation": [-45, 0, 0], "uv": [65, 0]},
						{"origin": [-13.5, 14, 2.5], "size": [6, 4, 6], "pivot": [-4.5, 26.5, 5.5], "rotation": [-45, 0, 0], "uv": [18, 73]},
						{"origin": [-13.5, 18, 2.5], "size": [6, 4, 6], "pivot": [-4.5, 26.5, 5.5], "rotation": [-45, 0, 0], "uv": [0, 69]},
						{"origin": [-12, 32, 4], "size": [3, 3, 3], "pivot": [-4.5, 26.5, 5.5], "rotation": [-45, 0, 0], "uv": [62, 78]},
						{"origin": [-11, 35, 5], "size": [1, 2, 1], "pivot": [-4.5, 26.5, 5.5], "rotation": [-45, 0, 0], "uv": [0, 0]},
						{"origin": [-12.9, 6, 3], "size": [5, 4, 5], "pivot": [-4.5, 26.5, 5.5], "rotation": [-45, 0, 0], "uv": [86, 57]},
						{"origin": [-12.9, 10, 3], "size": [5, 4, 5], "pivot": [-4.5, 26.5, 5.5], "rotation": [-45, 0, 0], "uv": [79, 42]},
						{"origin": [-5, 31, 1], "size": [1, 2, 6], "pivot": [-4.5, 26.5, 5.5], "rotation": [-45, 0, 0], "uv": [0, 89]},
						{"origin": [-11.9, -1, 4], "size": [3, 7, 3], "pivot": [-4.5, 26.5, 5.5], "rotation": [-45, 0, 0], "uv": [0, 19]}
					]
				}
			]
		}
	]
}