{
	"format_version": "1.12.0",
	"minecraft:geometry": [
		{
			"description": {
				"identifier": "geometry.unknown",
				"texture_width": 128,
				"texture_height": 128,
				"visible_bounds_width": 4,
				"visible_bounds_height": 5,
				"visible_bounds_offset": [0, 1.5, 0]
			},
			"bones": [
				{
					"name": "genesect",
					"pivot": [0, 0, 0],
					"rotation": [2.5, 0, 0]
				},
				{
					"name": "body",
					"parent": "genesect",
					"pivot": [1, 4.4, 0],
					"rotation": [12.5, 0, 0],
					"cubes": [
						{"origin": [-2.5, 29.4, 3], "size": [2, 2, 4], "uv": [97, 16]}
					]
				},
				{
					"name": "torzo",
					"parent": "body",
					"pivot": [1, 1.4, 0],
					"cubes": [
						{"origin": [-7.5, 23.4, 1], "size": [12, 6, 11], "uv": [0, 17]},
						{"origin": [0.5, 23.4, 12], "size": [1, 6, 2], "uv": [37, 34]},
						{"origin": [-4.5, 23.4, 12], "size": [1, 6, 2], "uv": [0, 34]},
						{"origin": [4.5, 24.4, 4], "size": [1, 4, 5], "uv": [12, 96]},
						{"origin": [-8.5, 24.4, 4], "size": [1, 4, 5], "uv": [0, 96]}
					]
				},
				{
					"name": "laser",
					"parent": "torzo",
					"pivot": [-1.5, 29.4, 12],
					"rotation": [-7.5, 0, 0],
					"cubes": [
						{"origin": [-3.5, 23.4, 12], "size": [4, 16, 3], "uv": [30, 82]}
					]
				},
				{
					"name": "bone2",
					"parent": "laser",
					"pivot": [1, -0.6, 0],
					"cubes": [
						{"origin": [-11, 40.4, 3], "size": [19, 2, 15], "uv": [0, 0]},
						{"origin": [-11, 33.4, 18], "size": [19, 9, 1], "uv": [53, 0]},
						{"origin": [5, 36.4, 18.05], "size": [5, 5, 1], "pivot": [5.5, 37.9, 18.5], "rotation": [0, 0, 45], "uv": [93, 0]},
						{"origin": [-8, 23.4, 18.05], "size": [5, 5, 1], "pivot": [5.5, 37.9, 18.5], "rotation": [0, 0, 45], "uv": [40, 65]},
						{"origin": [7.37436, 40.36891, 3], "size": [5, 1, 15], "pivot": [7.74519, 40.21699, 10.5], "rotation": [0, 0, 43.5], "uv": [0, 65]},
						{"origin": [-13.95288, 38.09298, 3], "size": [5, 1, 15], "pivot": [-12.91073, 37.37994, 10], "rotation": [0, 0, -42.5], "uv": [42, 49]},
						{"origin": [-17.22377, 38.33778, 3], "size": [6, 1, 15], "pivot": [-12.91073, 37.37994, 10], "rotation": [0, 0, -133.5], "uv": [31, 33]},
						{"origin": [10.53964, 37.08087, 3], "size": [6, 1, 15], "pivot": [11.34519, 37.21699, 10.5], "rotation": [0, 0, 135.5], "uv": [46, 17]},
						{"origin": [-5, 39.4, 5], "size": [7, 1, 11], "uv": [65, 76]},
						{"origin": [2, 42.4, 6], "size": [3, 2, 7], "uv": [85, 47]},
						{"origin": [-8, 42.4, 6], "size": [3, 2, 7], "uv": [85, 27]}
					]
				},
				{
					"name": "canon",
					"parent": "bone2",
					"pivot": [-1.5, 44.4, -4.5],
					"cubes": [
						{"origin": [-4, 42.4, 3], "size": [5, 4, 13], "uv": [40, 65]},
						{"origin": [-3, 46.4, 9], "size": [3, 1, 5], "uv": [90, 76]}
					]
				},
				{
					"name": "bone",
					"parent": "canon",
					"pivot": [-1.5, 44.4, -4.5],
					"cubes": [
						{"origin": [-3.5, 41.4, -7], "size": [5, 5, 10], "pivot": [-1.5, 44.4, -4.5], "rotation": [0, 0, 45], "uv": [0, 81]}
					]
				},
				{
					"name": "torzomedio",
					"parent": "torzo",
					"pivot": [-1.5, 20.9, 10],
					"rotation": [-12.5, 0, 0],
					"cubes": [
						{"origin": [-3.5, 18.4, 3], "size": [4, 6, 7], "uv": [79, 113]}
					]
				},
				{
					"name": "torzobajo",
					"parent": "torzomedio",
					"pivot": [1, 17.4, 3],
					"rotation": [17.5, 0, 0],
					"cubes": [
						{"origin": [-7.5, 9.30631, 2.42262], "size": [12, 7, 9], "pivot": [-1.5, 17.25, 3.5], "rotation": [5, 0, 0], "uv": [0, 49]},
						{"origin": [-6.5, 16.30631, 2.42262], "size": [10, 2, 9], "pivot": [-1.5, 17.25, 3.5], "rotation": [5, 0, 0], "uv": [63, 65]},
						{"origin": [-5.5, 4.28613, 5.30028], "size": [8, 5, 5], "pivot": [-1.5, 8.96132, 4.63032], "rotation": [15, 0, 0], "uv": [35, 17]},
						{"origin": [-4.5, 2.28613, 5.30028], "size": [6, 2, 5], "pivot": [-1.5, 8.96132, 4.63032], "rotation": [15, 0, 0], "uv": [44, 83]}
					]
				},
				{
					"name": "piernas",
					"parent": "torzobajo",
					"pivot": [1, 1.4, 0]
				},
				{
					"name": "3",
					"parent": "piernas",
					"pivot": [4.675, 13.125, 9],
					"rotation": [-20.82323, 13.30969, -15.17039],
					"cubes": [
						{"origin": [4.66057, 13.28474, 5.13417], "size": [3, 1, 4], "uv": [25, 75]}
					]
				},
				{
					"name": "art",
					"parent": "3",
					"pivot": [7.675, 13.125, 9],
					"rotation": [-0.43688, 4.98093, -5.019],
					"cubes": [
						{"origin": [8.74168, 11.26736, 4.148], "size": [1, 5, 6], "uv": [73, 10]},
						{"origin": [8.74168, 5.26736, 4.148], "size": [2, 6, 1], "uv": [98, 27]},
						{"origin": [8.74168, 6.26736, 5.148], "size": [2, 5, 4], "uv": [92, 64]},
						{"origin": [8.74168, 5.26736, 9.148], "size": [2, 6, 1], "uv": [95, 97]},
						{"origin": [7.74168, 16.26736, 5.148], "size": [1, 2, 4], "uv": [24, 97]},
						{"origin": [7.74168, 6.26736, 5.148], "size": [1, 10, 4], "uv": [91, 6]},
						{"origin": [6.74168, 6.26736, 5.148], "size": [1, 7, 4], "uv": [64, 94]}
					]
				},
				{
					"name": "art2",
					"parent": "art",
					"pivot": [8.42857, 5.15573, 7.09257],
					"rotation": [-1.15986, 14.83255, 12.67526],
					"cubes": [
						{"origin": [8.50825, -2.70222, 9.13188], "size": [1, 3, 1], "uv": [35, 17]},
						{"origin": [8.50825, -1.70222, 5.13188], "size": [1, 2, 4], "uv": [20, 81]},
						{"origin": [8.50825, -2.70222, 4.13188], "size": [1, 3, 1], "uv": [46, 27]},
						{"origin": [8.50825, 0.29778, 4.13188], "size": [1, 6, 6], "uv": [0, 65]},
						{"origin": [7.50825, -2.70222, 4.13188], "size": [1, 9, 1], "uv": [74, 94]},
						{"origin": [7.50825, -2.70222, 9.13188], "size": [1, 9, 1], "uv": [91, 97]},
						{"origin": [6.50825, -4.70222, 5.13188], "size": [1, 11, 4], "uv": [44, 90]}
					]
				},
				{
					"name": "pie",
					"parent": "art2",
					"pivot": [7.16667, -5.20141, 9.09257],
					"rotation": [0, 22.5, 0],
					"cubes": [
						{"origin": [7.49258, -4.70222, 5.13205], "size": [3, 1, 4], "uv": [73, 27]},
						{"origin": [10.49258, -4.70222, 5.63205], "size": [2, 1, 3], "uv": [0, 87]},
						{"origin": [12.49258, -4.70222, 6.13205], "size": [1, 1, 2], "uv": [51, 49]}
					]
				},
				{
					"name": "4",
					"parent": "piernas",
					"pivot": [-7.675, 13.125, 9],
					"rotation": [-20.82323, -13.30969, 15.17039],
					"cubes": [
						{"origin": [-10.66057, 13.28474, 5.13417], "size": [3, 1, 4], "uv": [42, 57]}
					]
				},
				{
					"name": "art3",
					"parent": "4",
					"pivot": [-10.675, 13.125, 9],
					"rotation": [-0.43688, -4.98093, 5.019],
					"cubes": [
						{"origin": [-12.74168, 11.26736, 4.148], "size": [1, 5, 6], "uv": [67, 47]},
						{"origin": [-13.74168, 5.26736, 4.148], "size": [2, 6, 1], "uv": [85, 47]},
						{"origin": [-13.74168, 6.26736, 5.148], "size": [2, 5, 4], "uv": [91, 88]},
						{"origin": [-13.74168, 5.26736, 9.148], "size": [2, 6, 1], "uv": [25, 65]},
						{"origin": [-11.74168, 16.26736, 5.148], "size": [1, 2, 4], "uv": [43, 71]},
						{"origin": [-11.74168, 6.26736, 5.148], "size": [1, 10, 4], "uv": [54, 90]},
						{"origin": [-10.74168, 6.26736, 5.148], "size": [1, 7, 4], "uv": [0, 17]}
					]
				},
				{
					"name": "art4",
					"parent": "art3",
					"pivot": [-11.42857, 5.15573, 7.09257],
					"rotation": [-3.6622, -14.94159, -12.67544],
					"cubes": [
						{"origin": [-12.50814, -2.70145, 9.08823], "size": [1, 3, 1], "uv": [6, 17]},
						{"origin": [-12.50814, -1.70145, 5.08823], "size": [1, 2, 4], "uv": [69, 10]},
						{"origin": [-12.50814, -2.70145, 4.08823], "size": [1, 3, 1], "uv": [0, 17]},
						{"origin": [-12.50814, 0.29855, 4.08823], "size": [1, 6, 6], "uv": [0, 0]},
						{"origin": [-11.50814, -2.70145, 4.08823], "size": [1, 9, 1], "uv": [4, 48]},
						{"origin": [-11.50814, -2.70145, 9.08823], "size": [1, 9, 1], "uv": [0, 48]},
						{"origin": [-10.50814, -4.70145, 5.08823], "size": [1, 11, 4], "uv": [81, 88]}
					]
				},
				{
					"name": "pie2",
					"parent": "art4",
					"pivot": [-10.16667, -5.20141, 9.09257],
					"rotation": [0, -22.5, 0],
					"cubes": [
						{"origin": [-13.50918, -4.70145, 5.09168], "size": [3, 1, 4], "uv": [46, 27]},
						{"origin": [-15.50918, -4.70145, 5.59168], "size": [2, 1, 3], "uv": [85, 56]},
						{"origin": [-16.50918, -4.70145, 6.09168], "size": [1, 1, 2], "uv": [33, 49]}
					]
				},
				{
					"name": "brazos",
					"parent": "torzo",
					"pivot": [1, 1.4, 0]
				},
				{
					"name": "1",
					"parent": "brazos",
					"pivot": [5.5, 26.4125, 6.5],
					"rotation": [10, -15, 0],
					"cubes": [
						{"origin": [5.5, 25.9, 6], "size": [3, 1, 2], "uv": [73, 21]},
						{"origin": [8.5, 25.9, 3], "size": [5, 1, 5], "uv": [61, 88]},
						{"origin": [13.5, 24.9, -4], "size": [2, 3, 14], "uv": [73, 10]},
						{"origin": [15, 24.925, -6], "size": [1, 3, 3], "uv": [63, 65]},
						{"origin": [15, 25.925, -8], "size": [1, 1, 2], "uv": [51, 52]},
						{"origin": [14, 25.425, 10], "size": [1, 2, 2], "uv": [8, 0]}
					]
				},
				{
					"name": "2",
					"parent": "brazos",
					"pivot": [-8.5, 26.4125, 6],
					"rotation": [10, 5, 0],
					"cubes": [
						{"origin": [-11.5, 25.9, 6], "size": [3, 1, 2], "uv": [67, 58]},
						{"origin": [-16.5, 25.9, 3], "size": [5, 1, 5], "uv": [85, 36]},
						{"origin": [-18.5, 24.9, -4], "size": [2, 3, 14], "uv": [67, 47]},
						{"origin": [-19, 24.925, -6], "size": [1, 3, 3], "uv": [58, 33]},
						{"origin": [-19, 25.925, -8], "size": [1, 1, 2], "uv": [33, 52]},
						{"origin": [-18, 25.425, 10], "size": [1, 2, 2], "uv": [0, 0]}
					]
				},
				{
					"name": "head",
					"parent": "body",
					"pivot": [-1.66667, 31.4125, 6.8654],
					"rotation": [7.5, 0, 0],
					"cubes": [
						{"origin": [-8.5, 31.4, -1], "size": [14, 5, 9], "uv": [0, 34]},
						{"origin": [-6, 31.425, -6], "size": [9, 5, 9], "pivot": [-1.5, 34.4, -1.5], "rotation": [0, -45, 0], "uv": [58, 33]},
						{"origin": [-8.01041, 33.425, -5.56066], "size": [1, 2, 5], "pivot": [-7.51041, 34.425, -2.56066], "rotation": [15, -45, 0], "uv": [4, 109]},
						{"origin": [1.51041, 33.425, -3.06066], "size": [5, 2, 1], "pivot": [4.51041, 34.425, -2.56066], "rotation": [14.51082, -43.07952, -20.75357], "uv": [33, 112]},
						{"origin": [-1.5, 35.4, -1.5], "size": [6, 2, 6], "pivot": [-2, 34.4, -1.5], "rotation": [0, -45, 0], "uv": [33, 49]},
						{"origin": [0.5, 37.4, 0.5], "size": [4, 1, 4], "pivot": [-2, 34.4, -1.5], "rotation": [0, -45, 0], "uv": [53, 10]}
					]
				}
			]
		}
	]
}