{
	"format_version": "1.12.0",
	"minecraft:geometry": [
		{
			"description": {
				"identifier": "geometry.unknown",
				"texture_width": 64,
				"texture_height": 64,
				"visible_bounds_width": 3,
				"visible_bounds_height": 2.5,
				"visible_bounds_offset": [0, 0.75, 0]
			},
			"bones": [
				{
					"name": "gulpin",
					"pivot": [0, 0, 0]
				},
				{
					"name": "body",
					"parent": "gulpin",
					"pivot": [0, 4.5, 0.5],
					"cubes": [
						{"origin": [-7, 0, -7], "size": [14, 11, 8], "uv": [0, 0]}
					]
				},
				{
					"name": "manos",
					"parent": "body",
					"pivot": [0, 0, 0]
				},
				{
					"name": "1",
					"parent": "manos",
					"pivot": [7.20998, 4.10629, -4.5],
					"cubes": [
						{"origin": [7, 4, -6], "size": [3, 1, 3], "pivot": [7, 5, -4.5], "rotation": [0, 0, 25], "uv": [39, 33]},
						{"origin": [7, 3, -6], "size": [3, 1, 3], "pivot": [7, 4, -4.5], "rotation": [0, 0, 45], "uv": [28, 36]}
					]
				},
				{
					"name": "2",
					"parent": "manos",
					"pivot": [-7, 5, 0],
					"cubes": [
						{"origin": [-10, 4, -6], "size": [3, 1, 3], "pivot": [-7, 5, -4.5], "rotation": [0, 0, -25], "uv": [36, 4]},
						{"origin": [-10, 3, -6], "size": [3, 1, 3], "pivot": [-7, 4, -4.5], "rotation": [0, 0, -45], "uv": [36, 0]}
					]
				},
				{
					"name": "labios",
					"parent": "body",
					"pivot": [0, 0, 0],
					"cubes": [
						{"origin": [-1, 6, -9], "size": [2, 1, 2], "pivot": [0.5, 6, -7], "rotation": [-20, 0, 0], "uv": [0, 3]},
						{"origin": [-1, 5, -9], "size": [2, 1, 2], "pivot": [0.5, 6, -7], "rotation": [20, 0, 0], "uv": [0, 0]}
					]
				},
				{
					"name": "pelo",
					"parent": "body",
					"pivot": [0, 10.59625, -0.77482],
					"cubes": [
						{"origin": [-7, 11, -1], "size": [14, 12, 0], "pivot": [0, 11, -1], "rotation": [-32.5, 0, 0], "uv": [0, 36]}
					]
				},
				{
					"name": "torzo2",
					"parent": "body",
					"pivot": [0, 10.79289, 0.7625],
					"cubes": [
						{"origin": [-2, 2, 8.025], "size": [6, 6, 0], "pivot": [0, 6, 8.5], "rotation": [0, 0, 45], "uv": [28, 40]},
						{"origin": [-7, 0, 1], "size": [14, 10, 7], "uv": [0, 19]}
					]
				},
				{
					"name": "cola",
					"parent": "torzo2",
					"pivot": [0, 1.75, 7.75],
					"cubes": [
						{"origin": [-3, 0, 8], "size": [6, 2, 3], "uv": [35, 19]},
						{"origin": [-2, 0, 11], "size": [4, 1, 2], "uv": [40, 38]}
					]
				},
				{
					"name": "ojos",
					"parent": "body",
					"pivot": [0, 0, 0],
					"cubes": [
						{"origin": [2, 7, -7.025], "size": [3, 1, 0], "pivot": [3.5, 7.5, -7.025], "rotation": [0, 0, 32.5], "uv": [0, 7]},
						{"origin": [-5, 7, -7.025], "size": [3, 1, 0], "pivot": [-3.5, 7.5, -7.025], "rotation": [0, 0, -30], "uv": [0, 6]}
					]
				}
			]
		}
	]
}