{
	"format_version": "1.12.0",
	"minecraft:geometry": [
		{
			"description": {
				"identifier": "geometry.unknown",
				"texture_width": 128,
				"texture_height": 128,
				"visible_bounds_width": 3,
				"visible_bounds_height": 3.5,
				"visible_bounds_offset": [0, 1.25, 0]
			},
			"bones": [
				{
					"name": "karrablast",
					"pivot": [0, 0, 0]
				},
				{
					"name": "body",
					"parent": "karrablast",
					"pivot": [-0.5, 12.2, -1],
					"cubes": [
						{"origin": [-6, 3, -6], "size": [11, 12, 10], "uv": [0, 0]},
						{"origin": [-5.5, 15, -5.5], "size": [10, 1, 9], "uv": [0, 24]},
						{"origin": [-5, 2, -5], "size": [9, 1, 8], "uv": [29, 24]},
						{"origin": [-5, 16, -5], "size": [9, 1, 8], "uv": [32, 0]},
						{"origin": [-4, 17, -4], "size": [7, 1, 6], "uv": [32, 33]}
					]
				},
				{
					"name": "ojos",
					"parent": "body",
					"pivot": [2, -6, 0]
				},
				{
					"name": "1",
					"parent": "ojos",
					"pivot": [1.5, -5, 3.975],
					"cubes": [
						{"origin": [0.5, 11, -6.025], "size": [3, 2, 0], "pivot": [2, 12, -6.025], "rotation": [0, 0, -45], "uv": [2, 2]},
						{"origin": [1.2, 10.7, -6.05], "size": [1, 2, 0], "uv": [7, 46]}
					]
				},
				{
					"name": "2",
					"parent": "ojos",
					"pivot": [-2.5, -5, 3.975],
					"cubes": [
						{"origin": [-4.5, 11, -6.025], "size": [3, 2, 0], "pivot": [-3, 12, -6.025], "rotation": [0, 0, 45], "uv": [2, 2], "mirror": true},
						{"origin": [-3.2, 10.7, -6.05], "size": [1, 2, 0], "uv": [7, 46], "mirror": true}
					]
				},
				{
					"name": "dientes",
					"parent": "body",
					"pivot": [1, 9, -6.05],
					"cubes": [
						{"origin": [0.5, 8.5, -6], "size": [1, 1, 0], "pivot": [1, 9, -6.05], "rotation": [-5, 5, 45], "uv": [28, 45]},
						{"origin": [-2.5, 8.5, -6], "size": [1, 1, 0], "pivot": [-2, 9, -6.05], "rotation": [-5, 5, 45], "uv": [28, 45]}
					]
				},
				{
					"name": "antena",
					"parent": "body",
					"pivot": [-0.5, 17.75, -1],
					"cubes": [
						{"origin": [-2, 16, -2], "size": [3, 6, 2], "uv": [45, 57]},
						{"origin": [0, 25, -2], "size": [1, 1, 2], "uv": [78, 61]},
						{"origin": [-3, 22, -2], "size": [5, 1, 2], "uv": [63, 61]},
						{"origin": [1, 23, -2], "size": [1, 3, 2], "uv": [78, 61]},
						{"origin": [-2, 25, -2], "size": [1, 1, 2], "uv": [78, 61]},
						{"origin": [-3, 23, -2], "size": [1, 3, 2], "uv": [78, 61]}
					]
				},
				{
					"name": "manos",
					"parent": "body",
					"pivot": [7, 6.5, -3],
					"rotation": [0, 0, -90]
				},
				{
					"name": "3",
					"parent": "manos",
					"pivot": [8, 8.45, -4],
					"cubes": [
						{"origin": [6, 7, -5], "size": [2, 2, 2], "uv": [79, 20]},
						{"origin": [6.5, 6, -5], "size": [1, 1, 2], "uv": [79, 20]}
					]
				},
				{
					"name": "4",
					"parent": "manos",
					"pivot": [8, 19.5, -4],
					"cubes": [
						{"origin": [6, 19, -5], "size": [2, 2, 2], "uv": [79, 20]},
						{"origin": [6.5, 21, -5], "size": [1, 1, 2], "uv": [79, 20]}
					]
				},
				{
					"name": "piernas",
					"parent": "body",
					"pivot": [2, -6, 0]
				},
				{
					"name": "5",
					"parent": "piernas",
					"pivot": [2.5, 2, -1.5],
					"cubes": [
						{"origin": [1, 1, -3], "size": [3, 1, 3], "uv": [78, 31]},
						{"origin": [1.5, 0, -3], "size": [2, 1, 3], "uv": [78, 31]}
					]
				},
				{
					"name": "6",
					"parent": "piernas",
					"pivot": [-3.5, 2, -1.5],
					"cubes": [
						{"origin": [-5, 1, -3], "size": [3, 1, 3], "uv": [78, 31]},
						{"origin": [-4.5, 0, -3], "size": [2, 1, 3], "uv": [78, 31]}
					]
				}
			]
		}
	]
}