{
	"format_version": "1.12.0",
	"minecraft:geometry": [
		{
			"description": {
				"identifier": "geometry.unknown",
				"texture_width": 64,
				"texture_height": 64,
				"visible_bounds_width": 3,
				"visible_bounds_height": 3.5,
				"visible_bounds_offset": [0, 1.25, 0]
			},
			"bones": [
				{
					"name": "pancham",
					"pivot": [0, 0, 0]
				},
				{
					"name": "body",
					"parent": "pancham",
					"pivot": [0, 1, 0],
					"cubes": [
						{"origin": [-3, 13, -3], "size": [6, 1, 6], "uv": [24, 18]},
						{"origin": [-4, 5, -4], "size": [8, 8, 8], "uv": [0, 18]}
					]
				},
				{
					"name": "brazos",
					"parent": "body",
					"pivot": [0, 1, 0]
				},
				{
					"name": "1",
					"parent": "brazos",
					"pivot": [4, 13, 0],
					"rotation": [0, 0, 37.5],
					"cubes": [
						{"origin": [4, 11, -1], "size": [4, 2, 2], "uv": [42, 18]}
					]
				},
				{
					"name": "bone",
					"parent": "1",
					"pivot": [8, 13, 0],
					"cubes": [
						{"origin": [8, 11, -1], "size": [4, 2, 2], "uv": [24, 41]}
					]
				},
				{
					"name": "bone2",
					"parent": "bone",
					"pivot": [12.25, 12, 0],
					"cubes": [
						{"origin": [12, 10.5, -0.5], "size": [1, 3, 1], "uv": [0, 22]},
						{"origin": [13, 12.6, -0.5], "size": [1, 1, 1], "uv": [40, 11]},
						{"origin": [13, 10.4, -0.5], "size": [1, 1, 1], "uv": [40, 9]},
						{"origin": [13, 11.5, -0.5], "size": [1, 1, 1], "uv": [38, 0]}
					]
				},
				{
					"name": "2",
					"parent": "brazos",
					"pivot": [-4, 13, 0],
					"rotation": [0, 0, -37.5],
					"cubes": [
						{"origin": [-8, 11, -1], "size": [4, 2, 2], "uv": [12, 41]}
					]
				},
				{
					"name": "bone3",
					"parent": "2",
					"pivot": [-8, 13, 0],
					"cubes": [
						{"origin": [-12, 11, -1], "size": [4, 2, 2], "uv": [40, 14]}
					]
				},
				{
					"name": "bone4",
					"parent": "bone3",
					"pivot": [-12, 12, 0],
					"cubes": [
						{"origin": [-13, 10.5, -0.5], "size": [1, 3, 1], "uv": [4, 18]},
						{"origin": [-14, 12.6, -0.5], "size": [1, 1, 1], "uv": [10, 36]},
						{"origin": [-14, 10.4, -0.5], "size": [1, 1, 1], "uv": [0, 36]},
						{"origin": [-14, 11.5, -0.5], "size": [1, 1, 1], "uv": [10, 34]}
					]
				},
				{
					"name": "head",
					"parent": "body",
					"pivot": [-0.32, 13.8, 0.3],
					"cubes": [
						{"origin": [-4, 22, -4], "size": [8, 1, 8], "uv": [24, 26]},
						{"origin": [-5, 14, -5], "size": [10, 8, 10], "uv": [0, 0]},
						{"origin": [-3.6, 14.5, -11], "size": [4, 0, 6], "uv": [24, 0]},
						{"origin": [-1, 17, -6], "size": [2, 1, 1], "uv": [0, 8]},
						{"origin": [-0.5, 16, -5.5], "size": [1, 1, 1], "uv": [0, 34]}
					]
				},
				{
					"name": "oreja",
					"parent": "head",
					"pivot": [2, 7, -1]
				},
				{
					"name": "5",
					"parent": "oreja",
					"pivot": [2, 7, -1],
					"cubes": [
						{"origin": [2, 20, -1], "size": [7, 6, 0], "uv": [28, 35]}
					]
				},
				{
					"name": "6",
					"parent": "oreja",
					"pivot": [-9, 7, -1],
					"cubes": [
						{"origin": [-9, 20, -1], "size": [7, 6, 0], "uv": [14, 35]}
					]
				},
				{
					"name": "pelo",
					"parent": "head",
					"pivot": [3, 2, 0]
				},
				{
					"name": "bone5",
					"parent": "pelo",
					"pivot": [-0.5, 23, -4],
					"rotation": [-30, 0, 0],
					"cubes": [
						{"origin": [-1, 23, -4], "size": [1, 2, 1], "uv": [24, 18]}
					]
				},
				{
					"name": "bone6",
					"parent": "pelo",
					"pivot": [0.5, 23, -2],
					"rotation": [-25, 0, 0],
					"cubes": [
						{"origin": [0, 23, -2], "size": [1, 3, 1], "uv": [0, 18]}
					]
				},
				{
					"name": "bone7",
					"parent": "pelo",
					"pivot": [-0.5, 23, 1],
					"rotation": [-35, 0, 0],
					"cubes": [
						{"origin": [-1, 23, 1], "size": [1, 2, 1], "uv": [4, 22]}
					]
				},
				{
					"name": "ojo",
					"parent": "head",
					"pivot": [0, 1, 0]
				},
				{
					"name": "7",
					"parent": "ojo",
					"pivot": [0, 1, 0],
					"cubes": [
						{"origin": [1, 17, -5.025], "size": [3, 4, 0], "pivot": [2.5, 19.25, -6.025], "rotation": [0, 0, -17.5], "uv": [36, 48]},
						{"origin": [1.5, 18, -5.05], "size": [2, 2, 0], "pivot": [2.5, 19.25, -6.025], "rotation": [0, 0, -17.5], "uv": [18, 50]},
						{"origin": [2, 19, -5.075], "size": [1, 1, 0], "pivot": [2.5, 19.25, -6.025], "rotation": [0, 0, -17.5], "uv": [3, 53]}
					]
				},
				{
					"name": "8",
					"parent": "ojo",
					"pivot": [-2.72459, 18.69367, -5.05],
					"rotation": [0, 0, 35],
					"cubes": [
						{"origin": [-4.4, 17, -5.025], "size": [3, 4, 0], "pivot": [-2.9, 19.25, -6.025], "rotation": [0, 0, -17.5], "uv": [36, 48]},
						{"origin": [-3.9, 18, -5.05], "size": [2, 2, 0], "pivot": [-2.9, 19.25, -6.025], "rotation": [0, 0, -17.5], "uv": [18, 50]},
						{"origin": [-3.4, 19, -5.075], "size": [1, 1, 0], "pivot": [-2.9, 19.25, -6.025], "rotation": [0, 0, -17.5], "uv": [3, 53]}
					]
				},
				{
					"name": "cachete",
					"parent": "head",
					"pivot": [0, 1, 0]
				},
				{
					"name": "9",
					"parent": "cachete",
					"pivot": [10, 2, 0],
					"cubes": [
						{"origin": [5, 15, -5], "size": [6, 3, 0], "pivot": [5, 16.5, -5], "rotation": [0, -50, 0], "uv": [52, 27]}
					]
				},
				{
					"name": "10",
					"parent": "cachete",
					"pivot": [-10, 2, 0],
					"cubes": [
						{"origin": [-11, 15, -5], "size": [6, 3, 0], "pivot": [-5, 16.5, -5], "rotation": [0, 50, 0], "uv": [52, 27], "mirror": true}
					]
				},
				{
					"name": "piernas",
					"parent": "body",
					"pivot": [0, 1, 0]
				},
				{
					"name": "3",
					"parent": "piernas",
					"pivot": [3, 5, 0],
					"cubes": [
						{"origin": [2, 3.06077, -1.30541], "size": [3, 3, 4], "uv": [34, 2]}
					]
				},
				{
					"name": "art",
					"parent": "3",
					"pivot": [0, 3.06077, 0.09459],
					"cubes": [
						{"origin": [2.5, 1.06077, 0.19459], "size": [2, 2, 2], "uv": [0, 4]}
					]
				},
				{
					"name": "pie",
					"parent": "art",
					"pivot": [0, -0.93923, 0.69459],
					"cubes": [
						{"origin": [1.9, 0.06077, -2.30541], "size": [1, 1, 1], "uv": [30, 8]},
						{"origin": [4.1, 0.06077, -2.30541], "size": [1, 1, 1], "uv": [30, 6]},
						{"origin": [2, 0.06077, -1.30541], "size": [3, 1, 4], "uv": [40, 9]},
						{"origin": [3, 0.06077, -2.30541], "size": [1, 1, 1], "uv": [24, 21]}
					]
				},
				{
					"name": "4",
					"parent": "piernas",
					"pivot": [-3, 6, 0],
					"cubes": [
						{"origin": [-5, 3, -2], "size": [3, 3, 4], "uv": [0, 34]}
					]
				},
				{
					"name": "art2",
					"parent": "4",
					"pivot": [-7, 3, 1],
					"cubes": [
						{"origin": [-4.5, 1, -0.5], "size": [2, 2, 2], "uv": [0, 0]}
					]
				},
				{
					"name": "pie2",
					"parent": "art2",
					"pivot": [-7, -1, 0],
					"cubes": [
						{"origin": [-5.1, 0, -3], "size": [1, 1, 1], "uv": [6, 8]},
						{"origin": [-2.9, 0, -3], "size": [1, 1, 1], "uv": [6, 4]},
						{"origin": [-5, 0, -2], "size": [3, 1, 4], "uv": [38, 37]},
						{"origin": [-4, 0, -3], "size": [1, 1, 1], "uv": [6, 0]}
					]
				},
				{
					"name": "cola",
					"parent": "body",
					"pivot": [0.4, 0, 8],
					"cubes": [
						{"origin": [-1.6, 4, 3], "size": [3, 3, 3], "uv": [0, 41]}
					]
				}
			]
		}
	]
}