{
	"format_version": "1.8.0",
	"animations": {
		"animation.deoxys_speed.ground_idle": {
			"loop": true,
			"animation_length": 2,
			"bones": {
				"1": {
					"rotation": {
						"0.0": [0, 0, 20],
						"1.0": [0, 0, 27.5],
						"2.0": [0, 0, 20]
					}
				},
				"4": {
					"rotation": {
						"0.0": [0, 0, -20],
						"1.0": [0, 0, -27.5],
						"2.0": [0, 0, -20]
					}
				},
				"torzoalto": {
					"rotation": {
						"0.0": [12.5, 0, 0],
						"2.0": [12.5, 0, 0]
					},
					"position": {
						"0.0": [0, 0, 0],
						"1.0": [0, -1, 0],
						"2.0": [0, 0, 0]
					}
				},
				"cabeza": {
					"rotation": {
						"0.0": [12, 0, 0],
						"1.0": [19.5, 0, 0],
						"2.0": [12, 0, 0]
					}
				},
				"bone2": {
					"rotation": [0, 0, 15]
				},
				"bone3": {
					"rotation": [0, 0, 10]
				},
				"bone4": {
					"rotation": [0, 0, 7.5]
				},
				"bone14": {
					"rotation": [0, 0, 10]
				},
				"bone15": {
					"rotation": [0, 0, 10]
				},
				"bone11": {
					"rotation": [0, 0, -10]
				},
				"bone12": {
					"rotation": [0, 0, -7.5]
				},
				"bone13": {
					"rotation": [0, 0, -10]
				},
				"bone18": {
					"rotation": [0, 0, -10]
				},
				"bone19": {
					"rotation": [0, 0, -12.5]
				},
				"art": {
					"rotation": {
						"0.0": [37.5, 0, 0],
						"1.0": [35, 0, 0],
						"2.0": [37.5, 0, 0]
					},
					"position": {
						"0.0": [0, 1.6, 0],
						"2.0": [0, 1.6, 0]
					}
				},
				"arrt": {
					"rotation": {
						"0.0": [-5, 0, 0],
						"2.0": [-5, 0, 0]
					}
				},
				"pierna": {
					"rotation": {
						"0.0": [12.5, 0, 0],
						"1.0": [12.51153, -2.4407, -0.54143],
						"2.0": [12.5, 0, 0]
					},
					"position": {
						"0.0": [0, 0, 0],
						"1.0": [0.025, 0, 0]
					}
				},
				"art2": {
					"rotation": [-5, 0, 0]
				},
				"art3": {
					"rotation": [10, 0, 0]
				},
				"pierna245": {
					"rotation": {
						"0.0": [0, 5, 0],
						"1.0": [0, 0, 0],
						"2.0": [0, 5, 0]
					}
				}
			}
		},
		"animation.deoxys_speed.ground_walk": {
			"loop": true,
			"animation_length": 1.5,
			"bones": {
				"1": {
					"rotation": {
						"0.0": [0, 0, 37.5],
						"1.0": [0, 0, 22.5],
						"1.5": [0, 0, 37.5]
					}
				},
				"4": {
					"rotation": {
						"0.0": [0, 0, -37.5],
						"1.0": [0, 0, -22.5],
						"1.5": [0, 0, -37.5]
					}
				},
				"bone": {
					"rotation": {
						"0.0": [17.5, 0, 0],
						"1.5": [17.5, 0, 0]
					},
					"position": {
						"0.0": [0, 9, 0],
						"0.5": [0, 13, 0],
						"1.0": [0, 7, 0],
						"1.5": [0, 9, 0]
					}
				},
				"torzoalto": {
					"rotation": {
						"0.0": [0, 0, 0],
						"0.5": [-12.5, 0, 0],
						"1.0": [-2.5, 0, 0],
						"1.5": [0, 0, 0]
					}
				},
				"cabeza": {
					"rotation": {
						"0.0": [-17.5, 0, 0],
						"0.5": [12.5, 0, 0],
						"1.0": [0, 0, 0],
						"1.5": [-17.5, 0, 0]
					}
				},
				"bone2": {
					"rotation": [0, 0, 15]
				},
				"bone3": {
					"rotation": [0, 0, 10]
				},
				"bone4": {
					"rotation": [0, 0, 7.5]
				},
				"bone14": {
					"rotation": [0, 0, 10]
				},
				"bone15": {
					"rotation": {
						"0.0": [0, 0, 10],
						"1.5": [0, 0, 10]
					}
				},
				"bone11": {
					"rotation": {
						"0.0": [0, 0, -10],
						"1.5": [0, 0, -10]
					}
				},
				"bone12": {
					"rotation": {
						"0.0": [0, 0, -7.5],
						"1.5": [0, 0, -7.5]
					}
				},
				"bone13": {
					"rotation": {
						"0.0": [0, 0, -10],
						"1.5": [0, 0, -10]
					}
				},
				"bone18": {
					"rotation": {
						"0.0": [0, 0, -10],
						"1.5": [0, 0, -10]
					}
				},
				"bone19": {
					"rotation": {
						"0.0": [0, 0, -12.5],
						"1.5": [0, 0, -12.5]
					}
				},
				"cintura": {
					"rotation": {
						"0.0": [10, 0, 0],
						"1.5": [10, 0, 0]
					}
				},
				"pierna23": {
					"rotation": {
						"0.0": [0, 0, 0],
						"0.5": [-30, 0, 0],
						"1.0": [-10, 0, 0],
						"1.5": [0, 0, 0]
					}
				},
				"art": {
					"rotation": {
						"0.0": [0, 0, 0],
						"0.5": [32.5, 0, 0],
						"1.5": [0, 0, 0]
					},
					"position": {
						"0.0": [0, 0, 0],
						"0.5": [0, 1.3, 0],
						"1.5": [0, 0, 0]
					}
				},
				"pierna": {
					"rotation": {
						"0.0": [0, 0, 0],
						"0.5": [-45, 0, 0],
						"1.0": [-15, 0, 0],
						"1.5": [0, 0, 0]
					}
				},
				"art2": {
					"rotation": {
						"0.0": [0, 0, 0],
						"0.5": [40, 0, 0],
						"1.5": [0, 0, 0]
					},
					"position": {
						"0.0": [0, 0, 0],
						"0.5": [0, 1.2, 0],
						"1.5": [0, 0, 0]
					}
				}
			}
		},
		"animation.deoxys_speed.faint": {
			"animation_length": 3.875,
			"bones": {
				"1": {
					"rotation": {
						"0.0": [0, 0, 22.5],
						"1.5": [0, -12.5, 22.5]
					}
				},
				"4": {
					"rotation": {
						"0.0": [0, 0, -12.5],
						"1.5": [0, 10, -12.5]
					}
				},
				"bone": {
					"rotation": {
						"0.0": [0, 0, 0],
						"0.5": [-35, 0, 0],
						"1.0": [-65, 0, 0]
					},
					"position": {
						"0.0": [0, 4, 14],
						"0.5": [0, 8.4, 18],
						"1.0": [0, 0, 23],
						"1.5": [0, -6, 35],
						"2.0": [0, -6, 46]
					}
				},
				"torzoalto": {
					"rotation": {
						"0.0": [17.5, 0, 0],
						"0.5": [-17.5, 0, 0],
						"1.5": [-35, 0, 0]
					}
				},
				"cabeza": {
					"rotation": {
						"0.0": [20, 0, 0],
						"1.5": [70.27126, -68.69404, -68.94698]
					}
				},
				"bone2": {
					"rotation": [0, 0, 15]
				},
				"bone3": {
					"rotation": [0, 0, 10]
				},
				"bone4": {
					"rotation": [0, 0, 7.5]
				},
				"bone14": {
					"rotation": [0, 0, 10]
				},
				"bone15": {
					"rotation": [0, 0, 10]
				},
				"bone11": {
					"rotation": {
						"0.0": [0, 0, -10],
						"0.5": [-32.5, 0, -10]
					}
				},
				"bone12": {
					"rotation": [0, 0, -7.5]
				},
				"bone13": {
					"rotation": [0, 0, -10]
				},
				"bone18": {
					"rotation": [0, 0, -10]
				},
				"bone19": {
					"rotation": [0, 0, -12.5]
				},
				"cintura": {
					"rotation": [-15, 0, 0]
				},
				"pierna23": {
					"rotation": {
						"0.0": [-25, 0, 0],
						"0.5": [-30, 0, 0],
						"1.5": [-2.5, 0, 0]
					}
				},
				"pierna": {
					"rotation": {
						"0.0": [-15, 0, 0],
						"0.5": [-33.33, 0, 0],
						"1.5": [-2.5, 0, 0]
					}
				}
			}
		}
	}
}