{
	"format_version": "1.8.0",
	"animations": {
		"animation.deoxys_attack.ground_idle": {
			"loop": true,
			"animation_length": 2,
			"bones": {
				"1": {
					"rotation": {
						"0.0": [0, 0, 25],
						"1.0": [0, 0, 30],
						"2.0": [0, 0, 25]
					}
				},
				"2": {
					"rotation": {
						"0.0": [0, 0, 35],
						"1.0": [0, 0, 40],
						"2.0": [0, 0, 35]
					}
				},
				"3": {
					"rotation": {
						"0.0": [0, 0, -32.5],
						"1.0": [0, 0, -37.5],
						"2.0": [0, 0, -32.5]
					}
				},
				"4": {
					"rotation": {
						"0.0": [0, 0, -22.5],
						"1.0": [0, 0, -27.5],
						"2.0": [0, 0, -22.5]
					}
				},
				"bone": {
					"position": {
						"0.0": [0, 0, 0],
						"1.0": [0, -1, 0],
						"2.0": [0, 0, 0]
					}
				},
				"torzoalto": {
					"rotation": {
						"0.0": [2.5, 0, 0],
						"2.0": [2.5, 0, 0]
					}
				},
				"cabeza": {
					"rotation": {
						"0.0": [12.5, 0, 0],
						"1.0": [20, 0, 0],
						"2.0": [12.5, 0, 0]
					},
					"position": {
						"0.0": [0, -0.3, -0.7],
						"2.0": [0, -0.3, -0.7]
					}
				},
				"bone2": {
					"rotation": {
						"0.0": [0, 0, 7.5],
						"2.0": [0, 0, 7.5]
					}
				},
				"bone3": {
					"rotation": {
						"0.0": [0, 0, 10],
						"2.0": [0, 0, 10]
					}
				},
				"bone4": {
					"rotation": {
						"0.0": [0, 0, 7.5],
						"2.0": [0, 0, 7.5]
					}
				},
				"bone14": {
					"rotation": {
						"0.0": [0, 0, 12.5],
						"2.0": [0, 0, 12.5]
					}
				},
				"bone15": {
					"rotation": {
						"0.0": [0, 0, 10],
						"2.0": [0, 0, 10]
					}
				},
				"bone5": {
					"rotation": {
						"0.0": [0, 0, 7.5],
						"2.0": [0, 0, 7.5]
					}
				},
				"bone6": {
					"rotation": {
						"0.0": [0, 0, 7.5],
						"2.0": [0, 0, 7.5]
					}
				},
				"bone7": {
					"rotation": {
						"0.0": [0, 0, 10],
						"2.0": [0, 0, 10]
					}
				},
				"bone16": {
					"rotation": {
						"0.0": [0, 0, 10],
						"2.0": [0, 0, 10]
					}
				},
				"bone11": {
					"rotation": {
						"0.0": [0, 0, -15],
						"2.0": [0, 0, -15]
					}
				},
				"bone12": {
					"rotation": {
						"0.0": [0, 0, -10],
						"2.0": [0, 0, -10]
					}
				},
				"bone13": {
					"rotation": {
						"0.0": [0, 0, -7.5],
						"2.0": [0, 0, -7.5]
					}
				},
				"bone18": {
					"rotation": {
						"0.0": [0, 0, -7.5],
						"2.0": [0, 0, -7.5]
					}
				},
				"bone19": {
					"rotation": {
						"0.0": [0, 0, -12.5],
						"2.0": [0, 0, -12.5]
					}
				},
				"pierna245": {
					"position": {
						"0.0": [0, 0, 0],
						"1.0": [0, 1, 0],
						"2.0": [0, 0, 0]
					}
				},
				"pierna": {
					"position": {
						"0.0": [0, 0, 0],
						"1.0": [0, 1, 0],
						"2.0": [0, 0, 0]
					}
				},
				"bone17": {
					"rotation": {
						"0.0": [-2.47864, 0.32621, 7.49294],
						"2.0": [-2.47864, 0.32621, 7.49294]
					}
				},
				"bone8": {
					"rotation": {
						"0.0": [0, 0, -10],
						"2.0": [0, 0, -10]
					}
				},
				"bone9": {
					"rotation": {
						"0.0": [0, 0, -12.5],
						"2.0": [0, 0, -12.5]
					}
				},
				"bone10": {
					"rotation": {
						"0.0": [0, 0, -10],
						"2.0": [0, 0, -10]
					}
				},
				"bone20": {
					"rotation": {
						"0.0": [0, 0, -5],
						"2.0": [0, 0, -5]
					}
				},
				"bone21": {
					"rotation": {
						"0.0": [0, 0, -10],
						"2.0": [0, 0, -10]
					}
				}
			}
		},
		"animation.deoxys_attack.ground_walk": {
			"loop": true,
			"animation_length": 1,
			"bones": {
				"1": {
					"rotation": {
						"0.0": [30, 0, 25],
						"0.5": [32.49858, -21.46902, 11.87573],
						"1.0": [30, 0, 25]
					}
				},
				"2": {
					"rotation": {
						"0.0": [0, 12.5, 35],
						"0.5": [0, -22.5, 35],
						"1.0": [0, 12.5, 35]
					}
				},
				"3": {
					"rotation": [0, 0, -32.5]
				},
				"4": {
					"rotation": {
						"0.0": [22.5, 0, -22.5],
						"0.5": [23.21088, 13.83447, -16.64537],
						"1.0": [22.5, 0, -22.5]
					}
				},
				"bone": {
					"position": {
						"0.0": [0, 15, 0],
						"0.5": [0, 9, 0],
						"1.0": [0, 15, 0]
					}
				},
				"torzo": {
					"rotation": {
						"0.0": [25, 0, 0],
						"1.0": [25, 0, 0]
					}
				},
				"torzoalto": {
					"rotation": {
						"0.0": [2.5, 0, 0],
						"0.5": [7.5, 0, 0],
						"1.0": [2.5, 0, 0]
					}
				},
				"cabeza": {
					"rotation": {
						"0.0": [-12.5, 0, 0],
						"0.5": [0, 0, 0],
						"1.0": [-12.5, 0, 0]
					},
					"position": {
						"0.0": [0, -0.3, -0.7],
						"1.0": [0, -0.3, -0.7]
					}
				},
				"bone2": {
					"rotation": {
						"0.0": [0, 0, 7.5],
						"1.0": [0, 0, 7.5]
					}
				},
				"bone3": {
					"rotation": {
						"0.0": [0, 0, 10],
						"1.0": [0, 0, 10]
					}
				},
				"bone4": {
					"rotation": {
						"0.0": [0, 0, 7.5],
						"1.0": [0, 0, 7.5]
					}
				},
				"bone14": {
					"rotation": {
						"0.0": [0, 0, 12.5],
						"1.0": [0, 0, 12.5]
					}
				},
				"bone15": {
					"rotation": {
						"0.0": [0, 0, 10],
						"1.0": [0, 0, 10]
					}
				},
				"bone5": {
					"rotation": {
						"0.0": [0, 0, 7.5],
						"1.0": [0, 0, 7.5]
					}
				},
				"bone6": {
					"rotation": {
						"0.0": [0, 0, 7.5],
						"1.0": [0, 0, 7.5]
					}
				},
				"bone7": {
					"rotation": {
						"0.0": [0, 0, 10],
						"1.0": [0, 0, 10]
					}
				},
				"bone16": {
					"rotation": {
						"0.0": [0, 0, 10],
						"1.0": [0, 0, 10]
					}
				},
				"bone11": {
					"rotation": {
						"0.0": [0, 0, -15],
						"1.0": [0, 0, -15]
					}
				},
				"bone12": {
					"rotation": {
						"0.0": [0, 0, -10],
						"1.0": [0, 0, -10]
					}
				},
				"bone13": {
					"rotation": {
						"0.0": [0, 0, -7.5],
						"1.0": [0, 0, -7.5]
					}
				},
				"bone18": {
					"rotation": {
						"0.0": [0, 0, -7.5],
						"1.0": [0, 0, -7.5]
					}
				},
				"bone19": {
					"rotation": {
						"0.0": [0, 0, -12.5],
						"1.0": [0, 0, -12.5]
					}
				},
				"cintura": {
					"rotation": {
						"0.0": [5, 0, 0],
						"1.0": [5, 0, 0]
					}
				},
				"pierna245": {
					"rotation": {
						"0.0": [-17.5, 0, 0],
						"0.5": [7.5, 0, 0],
						"1.0": [-17.5, 0, 0]
					},
					"position": {
						"0.0": [0, 0, 0],
						"1.0": [0, 0, 0]
					}
				},
				"art": {
					"rotation": {
						"0.0": [20, 0, 0],
						"1.0": [20, 0, 0]
					}
				},
				"pierna": {
					"rotation": {
						"0.0": [-15, 0, 0],
						"0.5": [2.5, 0, 0],
						"1.0": [-15, 0, 0]
					},
					"position": {
						"0.0": [0, 0, 0],
						"1.0": [0, 0, 0]
					}
				},
				"art2": {
					"rotation": {
						"0.0": [20, 0, 0],
						"1.0": [20, 0, 0]
					}
				},
				"bone17": {
					"rotation": {
						"0.0": [-2.47864, 0.32621, 7.49294],
						"1.0": [-2.47864, 0.32621, 7.49294]
					}
				},
				"bone8": {
					"rotation": [0, 0, -10]
				},
				"bone9": {
					"rotation": [0, 0, -12.5]
				},
				"bone10": {
					"rotation": [0, 0, -10]
				},
				"bone20": {
					"rotation": [0, 0, -5]
				},
				"bone21": {
					"rotation": [0, 0, -10]
				}
			}
		}
	}
}