{
	"format_version": "1.8.0",
	"animations": {
		"animation.duraludon_gmax.ground_idle": {
			"loop": true,
			"animation_length": 8,
			"bones": {
				"manos": {
					"rotation": {
						"0.0": [0, 0, -17.5],
						"2.0": [0, 0, -22.5],
						"4.0": [0, 0, -17.5],
						"6.0": [0, 0, -22.5],
						"8.0": [0, 0, -17.5]
					}
				},
				"manos2": {
					"rotation": {
						"0.0": [0, 0, 17.5],
						"2.0": [0, 0, 22.5],
						"4.0": [0, 0, 17.5],
						"6.0": [0, 0, 22.5],
						"8.0": [0, 0, 17.5]
					}
				},
				"body": {
					"position": {
						"0.0": [0, 0, 0],
						"2.0": [0, -2, 0],
						"4.0": [0, 0, 0],
						"6.0": [0, -2, 0],
						"8.0": [0, 0, 0]
					}
				},
				"up": {
					"rotation": {
						"0.0": [0, 0, 0],
						"2.0": [0, -12.5, 0],
						"4.0": [0, 0, 0],
						"6.0": [0, 10, 0],
						"8.0": [0, 0, 0]
					}
				},
				"nube": {
					"rotation": {
						"0.0": [0, 0, 0],
						"8.0": [0, 360, 0]
					}
				},
				"head": {
					"rotation": {
						"0.0": [0, 0, 0],
						"2.0": [7.5, 0, 0],
						"4.0": [0, 0, 0],
						"6.0": [7.5, 0, 0],
						"8.0": [0, 0, 0]
					}
				}
			}
		},
		"animation.duraludon_gmax.ground_walk": {
			"loop": true,
			"animation_length": 8,
			"bones": {
				"1": {
					"rotation": {
						"0.0": [0, 0, 0],
						"2.0": [0, 0, 0],
						"3.0": [0, 0, 15],
						"4.0": [0, 0, 0],
						"6.0": [0, 0, 0],
						"7.0": [0, 0, 15],
						"8.0": [0, 0, 0]
					},
					"position": {
						"0.0": [0, 0, 0],
						"2.0": [0, 0, 0],
						"3.0": [10, 10, 0],
						"4.0": [0, 0, 0],
						"6.0": [0, 0, 0],
						"7.0": [10, 10, 0],
						"8.0": [0, 0, 0]
					}
				},
				"2": {
					"rotation": {
						"0.0": [0, 0, 0],
						"1.0": [0, 0, -10],
						"2.0": [0, 0, 0],
						"5.0": [0, 0, -10],
						"6.0": [0, 0, 0]
					},
					"position": {
						"0.0": [0, 0, 0],
						"1.0": [-7, 10, 0],
						"2.0": [0, 0, 0],
						"5.0": [-7, 10, 0],
						"6.0": [0, 0, 0]
					}
				},
				"manos": {
					"rotation": {
						"0.0": [0, 0, -17.5],
						"1.0": [0, 0, -30],
						"2.0": [0, 0, -17.5],
						"3.0": [0, 0, 5],
						"4.0": [0, 0, -17.5],
						"5.0": [0, 0, -30],
						"6.0": [0, 0, -17.5],
						"7.0": [0, 0, 5],
						"8.0": [0, 0, -17.5]
					}
				},
				"manos2": {
					"rotation": {
						"0.0": [0, 0, 17.5],
						"1.0": [0, 0, -5],
						"2.0": [0, 0, 17.5],
						"3.0": [0, 0, 32.5],
						"4.0": [0, 0, 17.5],
						"5.0": [0, 0, -5],
						"6.0": [0, 0, 17.5],
						"7.0": [0, 0, 32.5],
						"8.0": [0, 0, 17.5]
					}
				},
				"body": {
					"rotation": {
						"0.0": [0, 0, 0],
						"1.0": [0, 0, -10],
						"2.0": [0, 0, 0],
						"3.0": [0, 0, 10],
						"4.0": [0, 0, 0],
						"5.0": [0, 0, -10],
						"6.0": [0, 0, 0],
						"7.0": [0, 0, 10],
						"8.0": [0, 0, 0]
					},
					"position": {
						"0.0": [0, 0, 0],
						"1.0": [0, 10, 0],
						"2.0": [0, 0, 0],
						"3.0": [0, 10, 0],
						"4.0": [0, 0, 0],
						"5.0": [0, 10, 0],
						"6.0": [0, 0, 0],
						"7.0": [0, 10, 0],
						"8.0": [0, 0, 0]
					}
				},
				"up": {
					"rotation": {
						"0.0": [0, 0, 0],
						"1.0": [0, -15, 0],
						"2.0": [0, 0, 0],
						"3.0": [0, 10, 0],
						"4.0": [0, 0, 0],
						"5.0": [0, -15, 0],
						"6.0": [0, 0, 0],
						"7.0": [0, 10, 0],
						"8.0": [0, 0, 0]
					}
				},
				"nube": {
					"rotation": {
						"0.0": [0, 0, 0],
						"8.0": [0, 360, 0]
					}
				}
			}
		}
	}
}