{
	"format_version": "1.8.0",
	"animations": {
		"animation.escavalier.ground_idle": {
			"loop": true,
			"animation_length": 2,
			"bones": {
				"1": {
					"rotation": {
						"0.0": [0, 0, 0],
						"1.0": [-10, 0, 0],
						"2.0": [0, 0, 0]
					}
				},
				"2": {
					"rotation": {
						"0.0": [0, 0, 0],
						"1.0": [-10, 0, 0],
						"2.0": [0, 0, 0]
					}
				},
				"body": {
					"position": {
						"0.0": [0, 0, 0],
						"1.0": [0, 5, 0],
						"2.0": [0, 0, 0]
					}
				},
				"cabeza": {
					"rotation": {
						"0.0": [0, 0, 0],
						"1.0": [-5, 0, 0],
						"2.0": [0, 0, 0]
					}
				},
				"cola": {
					"rotation": {
						"0.0": [0, 0, 0],
						"1.0": [10, 0, 0],
						"2.0": [0, 0, 0]
					}
				}
			}
		},
		"animation.escavalier.ground_walk": {
			"loop": true,
			"animation_length": 1,
			"bones": {
				"1": {
					"rotation": {
						"0.0": [0, 0, 0],
						"0.5": [25, 0, 0],
						"1.0": [0, 0, 0]
					}
				},
				"2": {
					"rotation": {
						"0.0": [5, 0, 0],
						"0.5": [-22.5, 0, 0],
						"1.0": [5, 0, 0]
					}
				},
				"body": {
					"rotation": [12.5, 0, 0],
					"position": {
						"0.0": [0, 1, 0],
						"0.5": [0, 3, 0],
						"1.0": [0, 1, 0]
					}
				},
				"cabeza": {
					"rotation": {
						"0.0": [-12.5, 0, 0],
						"0.5": [-7.5, 0, 0],
						"1.0": [-12.5, 0, 0]
					}
				},
				"cola": {
					"rotation": {
						"0.0": [0, 0, 0],
						"0.5": [-5, 0, 0],
						"1.0": [0, 0, 0]
					}
				}
			}
		}
	}
}