{
	"format_version": "1.8.0",
	"animations": {
		"animation.melmetal_gmax.ground_idle": {
			"loop": true,
			"animation_length": 8,
			"bones": {
				"5": {
					"rotation": [0, 0, -12.5]
				},
				"6": {
					"rotation": [-12.5, 0, 0]
				},
				"7": {
					"rotation": {
						"0.0": [0, 0, 12.5],
						"1.0": [0, -5, 12.5],
						"2.0": [0, 0, 12.5],
						"3.0": [0, -5, 12.5],
						"4.0": [0, 0, 12.5],
						"5.0": [0, -5, 12.5],
						"6.0": [0, 0, 12.5],
						"7.0": [0, -5, 12.5],
						"8.0": [0, 0, 12.5]
					}
				},
				"8": {
					"rotation": [0, 0, 12.5]
				},
				"12": {
					"rotation": {
						"0.0": [0, 0, -12.5],
						"1.0": [0, 5, -12.5],
						"2.0": [0, 0, -12.5],
						"3.0": [0, 5, -12.5],
						"4.0": [0, 0, -12.5],
						"5.0": [0, 5, -12.5],
						"6.0": [0, 0, -12.5],
						"7.0": [0, 5, -12.5],
						"8.0": [0, 0, -12.5]
					}
				},
				"13": {
					"rotation": [-12.5, 0, 0]
				},
				"bone3": {
					"rotation": [0, 0, 12.5]
				},
				"bone5": {
					"rotation": [0, 0, -12.5]
				},
				"body": {
					"position": {
						"0.0": [0, 0, 0],
						"1.0": [0, -2, 0],
						"2.0": [0, 0, 0],
						"3.0": [0, -2, 0],
						"4.0": [0, 0, 0],
						"5.0": [0, -2, 0],
						"6.0": [0, 0, 0],
						"7.0": [0, -2, 0],
						"8.0": [0, 0, 0]
					}
				},
				"cara": {
					"rotation": {
						"0.0": [0, 0, 0],
						"1.0": [7.5, 0, 0],
						"2.0": [0, 0, 0],
						"3.0": [7.5, 0, 0],
						"4.0": [0, 0, 0],
						"5.0": [7.5, 0, 0],
						"6.0": [0, 0, 0],
						"7.0": [7.5, 0, 0],
						"8.0": [0, 0, 0]
					}
				},
				"bone2": {
					"position": {
						"0.0": [0, 0, 0],
						"1.0": [0, 2, 0],
						"2.0": [0, 0, 0],
						"3.0": [0, 2, 0],
						"4.0": [0, 0, 0],
						"5.0": [0, 2, 0],
						"6.0": [0, 0, 0],
						"7.0": [0, 2, 0],
						"8.0": [0, 0, 0]
					}
				},
				"nube": {
					"rotation": {
						"0.0": [0, 0, 0],
						"8.0": [0, 360, 0]
					}
				},
				"bone9": {
					"position": {
						"0.0": [0, 0, 0],
						"1.0": [0, 2, 0],
						"2.0": [0, 0, 0],
						"3.0": [0, 2, 0],
						"4.0": [0, 0, 0],
						"5.0": [0, 2, 0],
						"6.0": [0, 0, 0],
						"7.0": [0, 2, 0],
						"8.0": [0, 0, 0]
					}
				}
			}
		},
		"animation.melmetal_gmax.ground_walk": {
			"loop": true,
			"animation_length": 8,
			"bones": {
				"5": {
					"rotation": [0, 0, -12.5]
				},
				"6": {
					"rotation": [-12.5, 0, 0]
				},
				"7": {
					"rotation": {
						"0.0": [0, 0, 12.5],
						"1.0": [0, -7.5, 12.5],
						"2.0": [0, 0, 12.5],
						"3.0": [0, -7.5, 12.5],
						"4.0": [0, 0, 12.5],
						"5.0": [0, -7.5, 12.5],
						"6.0": [0, 0, 12.5],
						"7.0": [0, -7.5, 12.5],
						"8.0": [0, 0, 12.5]
					}
				},
				"8": {
					"rotation": [0, 0, 12.5]
				},
				"12": {
					"rotation": {
						"0.0": [0, 0, -12.5],
						"1.0": [0, 7.5, -12.5],
						"2.0": [0, 0, -12.5],
						"3.0": [0, 7.5, -12.5],
						"4.0": [0, 0, -12.5],
						"5.0": [0, 7.5, -12.5],
						"6.0": [0, 0, -12.5],
						"7.0": [0, 7.5, -12.5],
						"8.0": [0, 0, -12.5]
					}
				},
				"13": {
					"rotation": [-12.5, 0, 0]
				},
				"bone3": {
					"rotation": {
						"0.0": [0, 0, 12.5],
						"1.0": [0, 0, 2.5],
						"2.0": [0, 0, 12.5],
						"3.0": [0, 0, 2.5],
						"4.0": [0, 0, 12.5],
						"5.0": [0, 0, 2.5],
						"6.0": [0, 0, 12.5],
						"7.0": [0, 0, 2.5],
						"8.0": [0, 0, 12.5]
					}
				},
				"bone5": {
					"rotation": {
						"0.0": [0, 0, -12.5],
						"1.0": [0, 0, -2.5],
						"2.0": [0, 0, -12.5],
						"3.0": [0, 0, -2.5],
						"4.0": [0, 0, -12.5],
						"5.0": [0, 0, -2.5],
						"6.0": [0, 0, -12.5],
						"7.0": [0, 0, -2.5],
						"8.0": [0, 0, -12.5]
					}
				},
				"body": {
					"position": {
						"0.0": [0, 0, 0],
						"1.0": [0, -2, 0],
						"2.0": [0, 0, 0],
						"3.0": [0, -2, 0],
						"4.0": [0, 0, 0],
						"5.0": [0, -2, 0],
						"6.0": [0, 0, 0],
						"7.0": [0, -2, 0],
						"8.0": [0, 0, 0]
					}
				},
				"cara": {
					"rotation": {
						"0.0": [0, 0, 0],
						"1.0": [7.7614, -14.8687, -2.00307],
						"2.0": [0, 0, 0],
						"3.0": [7.7614, 14.8687, 2.00307],
						"4.0": [0, 0, 0],
						"5.0": [7.7614, -14.8687, -2.00307],
						"6.0": [0, 0, 0],
						"7.0": [7.7614, 14.8687, 2.00307],
						"8.0": [0, 0, 0]
					}
				},
				"bone2": {
					"rotation": {
						"0.0": [0, 0, 0],
						"1.0": [-30, 0, 0],
						"2.0": [0, 0, 0],
						"4.0": [0, 0, 0],
						"5.0": [-30, 0, 0],
						"6.0": [0, 0, 0],
						"8.0": [0, 0, 0]
					},
					"position": {
						"0.0": [0, 0, 0],
						"1.0": [0, 2, 0],
						"2.0": [0, 0, 0],
						"3.0": [0, 2, 0],
						"4.0": [0, 0, 0],
						"5.0": [0, 2, 0],
						"6.0": [0, 0, 0],
						"7.0": [0, 2, 0],
						"8.0": [0, 0, 0]
					}
				},
				"nube": {
					"rotation": {
						"0.0": [0, 0, 0],
						"8.0": [0, 360, 0]
					}
				},
				"bone9": {
					"rotation": {
						"0.0": [0, 0, 0],
						"2.0": [0, 0, 0],
						"3.0": [-30, 0, 0],
						"4.0": [0, 0, 0],
						"6.0": [0, 0, 0],
						"7.0": [-30, 0, 0],
						"8.0": [0, 0, 0]
					},
					"position": {
						"0.0": [0, 0, 0],
						"1.0": [0, 2, 0],
						"2.0": [0, 0, 0],
						"4.0": [0, 0, 0],
						"5.0": [0, 2, 0],
						"6.0": [0, 0, 0],
						"8.0": [0, 0, 0]
					}
				}
			}
		}
	}
}