{
	"format_version": "1.8.0",
	"animations": {
		"animation.meowth_gmax.ground_idle": {
			"loop": true,
			"animation_length": 13,
			"bones": {
				"body": {
					"rotation": [0, 0, 0],
					"position": [0, 0, 0],
					"scale": 1
				},
				"cabesa": {
					"rotation": {
						"0.0": [0, 0, 0],
						"1.5": [0, -12.5, 0],
						"2.0": [0, 2.5, 0],
						"2.5": [2.5, 2.5, 0],
						"3.0": [0, 0, 0],
						"5.0": [0, -12.5, 0],
						"5.5": [0, 2.5, 0],
						"6.0": [2.5, 2.5, 0],
						"6.5": [0, 0, 0],
						"8.0": [0, -12.5, 0],
						"8.5": [0, 2.5, 0],
						"9.0": [2.5, 2.5, 0],
						"9.5": [0, 0, 0],
						"11.5": [0, -12.5, 0],
						"12.0": [0, 2.5, 0],
						"12.5": [2.5, 2.5, 0],
						"13.0": [0, 0, 0]
					},
					"position": {
						"0.0": [0, 0, 0],
						"1.0": [0, 0, -5],
						"3.0": [0, 0, 0],
						"4.5": [0, 0, -5],
						"6.5": [0, 0, 0],
						"7.5": [0, 0, -5],
						"9.5": [0, 0, 0],
						"11.0": [0, 0, -5],
						"13.0": [0, 0, 0]
					},
					"scale": 1
				},
				"antena1": {
					"rotation": {
						"0.0": [0, 0, 0],
						"1.5": [12.5, 0, 0],
						"3.0": [0, 0, 0],
						"5.0": [12.5, 0, 0],
						"6.5": [0, 0, 0],
						"8.0": [12.5, 0, 0],
						"9.5": [0, 0, 0],
						"11.5": [12.5, 0, 0],
						"13.0": [0, 0, 0]
					},
					"position": [0, 0, 0],
					"scale": 1
				},
				"antena2": {
					"rotation": {
						"0.0": [0, 0, 0],
						"1.5": [-7.5, 0, 0],
						"3.0": [0, 0, 0],
						"5.0": [-7.5, 0, 0],
						"6.5": [0, 0, 0],
						"8.0": [-7.5, 0, 0],
						"9.5": [0, 0, 0],
						"11.5": [-7.5, 0, 0],
						"13.0": [0, 0, 0]
					},
					"position": [0, 0, 0],
					"scale": 1
				},
				"bigote1": {
					"rotation": [0, 0, 0],
					"position": [0, 0, 0],
					"scale": 1
				},
				"bigote2": {
					"rotation": [0, 0, 0],
					"position": [0, 0, 0],
					"scale": 1
				},
				"bigote3": {
					"rotation": [0, 0, 0],
					"position": [0, 0, 0],
					"scale": 1
				},
				"bigote4": {
					"rotation": [0, 0, 0],
					"position": [0, 0, 0],
					"scale": 1
				},
				"torzo": {
					"rotation": {
						"0.0": [0, 0, 0],
						"1.0": [7.5, 0, 0],
						"3.0": [0, 0, 0],
						"4.5": [7.5, 0, 0],
						"6.5": [0, 0, 0],
						"7.5": [7.5, 0, 0],
						"9.5": [0, 0, 0],
						"11.0": [7.5, 0, 0],
						"13.0": [0, 0, 0]
					},
					"position": [0, 0, 0],
					"scale": 1
				},
				"brazo1": {
					"rotation": {
						"0.0": [0, 0, 0],
						"1.5": [0, 0, 16],
						"3.0": [0, 0, 0],
						"5.0": [0, 0, 16],
						"6.5": [0, 0, 0],
						"8.0": [0, 0, 16],
						"9.5": [0, 0, 0],
						"11.5": [0, 0, 16],
						"13.0": [0, 0, 0]
					},
					"position": [0, 0, 0],
					"scale": 1
				},
				"mano": {
					"rotation": [0, 0, 0],
					"position": [0, 0, 0],
					"scale": 1
				},
				"brazo2": {
					"rotation": {
						"0.0": [0, 0, 0],
						"1.5": [17.5, 0, 0],
						"3.0": [0, 0, 0],
						"5.0": [17.5, 0, 0],
						"6.5": [0, 0, 0],
						"8.0": [17.5, 0, 0],
						"9.5": [0, 0, 0],
						"11.5": [17.5, 0, 0],
						"13.0": [0, 0, 0]
					},
					"position": [0, 0, 0],
					"scale": 1
				},
				"mano2": {
					"rotation": [0, 0, 0],
					"position": [0, 0, 0],
					"scale": 1
				},
				"nubes": {
					"rotation": {
						"0.0": [0, 0, 0],
						"2.0": [7.98003, 43.73495, 31.4367],
						"4.0": [65.2821, 43.41763, 128.27595],
						"6.0": [89.45486, -1.10857, 166.78385],
						"8.0": [84.82595, -46.90585, 210.1603],
						"10.0": [35.48709, -62.48526, 282.98472],
						"12.0": [-25, 6.5385, 365.169],
						"12.9583": [-6.04882, -0.63227, 373.25514]
					},
					"position": [0, 0, 0],
					"scale": 1
				},
				"nube1": {
					"rotation": [0, 0, 0],
					"position": [0, 0, 0],
					"scale": 1
				},
				"nube2": {
					"rotation": [0, 0, 0],
					"position": [0, 0, 0],
					"scale": 1
				},
				"nube3": {
					"rotation": [0, 0, 0],
					"position": [0, 0, 0],
					"scale": 1
				},
				"cola": {
					"rotation": {
						"0.0": [0, 0, 0],
						"1.5": [12.5, 0, 0],
						"3.0": [0, 0, 0],
						"5.0": [12.5, 0, 0],
						"6.5": [0, 0, 0],
						"8.0": [12.5, 0, 0],
						"9.5": [0, 0, 0],
						"11.5": [12.5, 0, 0],
						"13.0": [0, 0, 0]
					},
					"position": [0, 0, 0],
					"scale": 1
				},
				"bot": {
					"rotation": [0, 0, 0],
					"position": [0, 0, 0],
					"scale": 1
				},
				"pierna": {
					"rotation": [0, 0, 0],
					"position": [0, 0, 0],
					"scale": 1
				},
				"pie": {
					"rotation": [0, 0, 0],
					"position": [0, 0, 0],
					"scale": 1
				},
				"pierna2": {
					"rotation": [0, 0, 0],
					"position": [0, 0, 0],
					"scale": 1
				},
				"pie2": {
					"rotation": [0, 0, 0],
					"position": [0, 0, 0],
					"scale": 1
				},
				"torzo4": {
					"rotation": [0, 0, 0],
					"position": [0, 0, 0],
					"scale": 1
				},
				"torzo3": {
					"rotation": [0, 0, 0],
					"position": [0, 0, 0],
					"scale": 1
				},
				"torzo2": {
					"rotation": [0, 0, 0],
					"position": [0, 0, 0],
					"scale": 1
				}
			}
		},
		"animation.meowth_gmax.ground_walk": {
			"loop": true,
			"animation_length": 2,
			"bones": {
				"body": {
					"rotation": {
						"0.0": [0, 0, 0],
						"2.0": [0, 0, 0]
					},
					"position": {
						"0.0": [0, 0, 0],
						"2.0": [0, 0, 0]
					},
					"scale": {
						"0.0": [1, 1, 1],
						"2.0": [1, 1, 1]
					}
				},
				"cabesa": {
					"rotation": {
						"0.0": [0, 0, 0],
						"0.5": [7.5, 0, 0],
						"1.0": [0, 0, 0],
						"1.5": [7.5, 0, 0],
						"2.0": [0, 0, 0]
					},
					"position": {
						"0.0": [0, 0, 0],
						"1.0": [0, -12, -37],
						"2.0": [0, 0, 0]
					},
					"scale": {
						"0.0": [1, 1, 1],
						"2.0": [1, 1, 1]
					}
				},
				"antena1": {
					"rotation": {
						"0.0": [0, 0, 0],
						"1.0": [-20, 0, 0],
						"2.0": [0, 0, 0]
					},
					"position": {
						"0.0": [0, 0, 0],
						"2.0": [0, 0, 0]
					},
					"scale": {
						"0.0": [1, 1, 1],
						"2.0": [1, 1, 1]
					}
				},
				"antena2": {
					"rotation": {
						"0.0": [0, 0, 0],
						"1.0": [-20, 0, 0],
						"2.0": [0, 0, 0]
					},
					"position": {
						"0.0": [0, 0, 0],
						"2.0": [0, 0, 0]
					},
					"scale": {
						"0.0": [1, 1, 1],
						"2.0": [1, 1, 1]
					}
				},
				"bigote1": {
					"rotation": {
						"0.0": [0, 0, 0],
						"2.0": [0, 0, 0]
					},
					"position": {
						"0.0": [0, 0, 0],
						"2.0": [0, 0, 0]
					},
					"scale": {
						"0.0": [1, 1, 1],
						"2.0": [1, 1, 1]
					}
				},
				"bigote2": {
					"rotation": {
						"0.0": [0, 0, 0],
						"2.0": [0, 0, 0]
					},
					"position": {
						"0.0": [0, 0, 0],
						"2.0": [0, 0, 0]
					},
					"scale": {
						"0.0": [1, 1, 1],
						"2.0": [1, 1, 1]
					}
				},
				"bigote3": {
					"rotation": {
						"0.0": [0, 0, 0],
						"2.0": [0, 0, 0]
					},
					"position": {
						"0.0": [0, 0, 0],
						"2.0": [0, 0, 0]
					},
					"scale": {
						"0.0": [1, 1, 1],
						"2.0": [1, 1, 1]
					}
				},
				"bigote4": {
					"rotation": {
						"0.0": [0, 0, 0],
						"2.0": [0, 0, 0]
					},
					"position": {
						"0.0": [0, 0, 0],
						"2.0": [0, 0, 0]
					},
					"scale": {
						"0.0": [1, 1, 1],
						"2.0": [1, 1, 1]
					}
				},
				"torzo": {
					"rotation": {
						"0.0": [0, 0, 0],
						"1.0": [30.93, 0, 0],
						"2.0": [0, 0, 0]
					},
					"position": {
						"0.0": [0, 0, 0],
						"1.0": [0, -3, 0],
						"2.0": [0, 0, 0]
					},
					"scale": {
						"0.0": [1, 1, 1],
						"2.0": [1, 1, 1]
					}
				},
				"brazo1": {
					"rotation": {
						"0.0": [0, 0, 0],
						"1.5": [0, 0, 16],
						"2.0": [0, 0, 0]
					},
					"position": {
						"0.0": [0, 0, 0],
						"2.0": [0, 0, 0]
					},
					"scale": {
						"0.0": [1, 1, 1],
						"2.0": [1, 1, 1]
					}
				},
				"mano": {
					"rotation": {
						"0.0": [0, 0, 0],
						"2.0": [0, 0, 0]
					},
					"position": {
						"0.0": [0, 0, 0],
						"2.0": [0, 0, 0]
					},
					"scale": {
						"0.0": [1, 1, 1],
						"2.0": [1, 1, 1]
					}
				},
				"brazo2": {
					"rotation": {
						"0.0": [0, 0, 0],
						"0.5": [17.5, 0, 0],
						"1.0": [0, 0, 0],
						"1.5": [17.5, 0, 0],
						"2.0": [0, 0, 0]
					},
					"position": {
						"0.0": [0, 0, 0],
						"2.0": [0, 0, 0]
					},
					"scale": {
						"0.0": [1, 1, 1],
						"2.0": [1, 1, 1]
					}
				},
				"mano2": {
					"rotation": {
						"0.0": [0, 0, 0],
						"2.0": [0, 0, 0]
					},
					"position": {
						"0.0": [0, 0, 0],
						"2.0": [0, 0, 0]
					},
					"scale": {
						"0.0": [1, 1, 1],
						"2.0": [1, 1, 1]
					}
				},
				"nubes": {
					"rotation": {
						"0.0": [0, 0, 0],
						"1.0": [12.35207, -43.54397, -40.92498],
						"2.0": [0, 0, 0]
					},
					"position": {
						"0.0": [0, 0, 0],
						"2.0": [0, 0, 0]
					},
					"scale": {
						"0.0": [1, 1, 1],
						"2.0": [1, 1, 1]
					}
				},
				"nube1": {
					"rotation": {
						"0.0": [0, 0, 0],
						"2.0": [0, 0, 0]
					},
					"position": {
						"0.0": [0, 0, 0],
						"2.0": [0, 0, 0]
					},
					"scale": {
						"0.0": [1, 1, 1],
						"2.0": [1, 1, 1]
					}
				},
				"nube2": {
					"rotation": {
						"0.0": [0, 0, 0],
						"2.0": [0, 0, 0]
					},
					"position": {
						"0.0": [0, 0, 0],
						"2.0": [0, 0, 0]
					},
					"scale": {
						"0.0": [1, 1, 1],
						"2.0": [1, 1, 1]
					}
				},
				"nube3": {
					"rotation": {
						"0.0": [0, 0, 0],
						"2.0": [0, 0, 0]
					},
					"position": {
						"0.0": [0, 0, 0],
						"2.0": [0, 0, 0]
					},
					"scale": {
						"0.0": [1, 1, 1],
						"2.0": [1, 1, 1]
					}
				},
				"cola": {
					"rotation": {
						"0.0": [0, 0, 0],
						"1.5": [12.5, 0, 0],
						"2.0": [0, 0, 0]
					},
					"position": {
						"0.0": [0, 0, 0],
						"2.0": [0, 0, 0]
					},
					"scale": {
						"0.0": [1, 1, 1],
						"2.0": [1, 1, 1]
					}
				},
				"bot": {
					"rotation": {
						"0.0": [0, 0, 0],
						"2.0": [0, 0, 0]
					},
					"position": {
						"0.0": [0, 0, 0],
						"2.0": [0, 0, 0]
					},
					"scale": {
						"0.0": [1, 1, 1],
						"2.0": [1, 1, 1]
					}
				},
				"pierna": {
					"rotation": {
						"0.0": [0, 0, 0],
						"0.5": [15.83, 0, 0],
						"1.0": [-33.33, 0, 0],
						"1.5": [-12.5, 0, 0],
						"2.0": [0, 0, 0]
					},
					"position": {
						"0.0": [0, 0, 0],
						"0.5": [0, -1, 0],
						"2.0": [0, 0, 0]
					},
					"scale": {
						"0.0": [1, 1, 1],
						"2.0": [1, 1, 1]
					}
				},
				"pie": {
					"rotation": {
						"0.0": [0, 0, 0],
						"0.5": [-14.17562, -0.63829, 0.53586],
						"1.0": [34.14876, -1.27657, 1.07171],
						"1.5": [17.47313, -1.91486, 1.60757],
						"2.0": [0, 0, 0]
					},
					"position": {
						"0.0": [0, 0, 0],
						"0.5": [0, 0, 0],
						"2.0": [0, 0, 0]
					},
					"scale": {
						"0.0": [1, 1, 1],
						"2.0": [1, 1, 1]
					}
				},
				"pierna2": {
					"rotation": {
						"0.0": [0, 0, 0],
						"0.5": [-50, 0, 0],
						"1.0": [15, 0, 0],
						"2.0": [0, 0, 0]
					},
					"position": {
						"0.0": [0, 0, 0],
						"1.0": [0, -2.1, 0],
						"2.0": [0, 0, 0]
					},
					"scale": {
						"0.0": [1, 1, 1],
						"2.0": [1, 1, 1]
					}
				},
				"pie2": {
					"rotation": {
						"0.0": [0, 0, 0],
						"0.5": [45, 0, 0],
						"1.0": [-12.5, 0, 0],
						"2.0": [0, 0, 0]
					},
					"position": {
						"0.0": [0, 0, 0],
						"0.5": [0, 1, 0],
						"1.0": [0, 0.5, 0],
						"2.0": [0, 0, 0]
					},
					"scale": {
						"0.0": [1, 1, 1],
						"2.0": [1, 1, 1]
					}
				},
				"torzo4": {
					"rotation": {
						"0.0": [0, 0, 0],
						"2.0": [0, 0, 0]
					},
					"position": {
						"0.0": [0, 0, 0],
						"2.0": [0, 0, 0]
					},
					"scale": {
						"0.0": [1, 1, 1],
						"2.0": [1, 1, 1]
					}
				},
				"torzo3": {
					"rotation": {
						"0.0": [0, 0, 0],
						"2.0": [0, 0, 0]
					},
					"position": {
						"0.0": [0, 0, 0],
						"2.0": [0, 0, 0]
					},
					"scale": {
						"0.0": [1, 1, 1],
						"2.0": [1, 1, 1]
					}
				},
				"torzo2": {
					"rotation": {
						"0.0": [0, 0, 0],
						"2.0": [0, 0, 0]
					},
					"position": {
						"0.0": [0, 0, 0],
						"2.0": [0, 0, 0]
					},
					"scale": {
						"0.0": [1, 1, 1],
						"2.0": [1, 1, 1]
					}
				}
			}
		}
	}
}