{
	"format_version": "1.8.0",
	"animations": {
		"animation.pancham.ground_idle": {
			"loop": true,
			"animation_length": 2,
			"bones": {
				"1": {
					"rotation": {
						"0.0": [0, 0, 0],
						"1.0": [0, 0, -2.5],
						"2.0": [0, 0, 0]
					}
				},
				"2": {
					"rotation": {
						"0.0": [0, 0, 0],
						"1.0": [0, 0, 2.5],
						"2.0": [0, 0, 0]
					}
				},
				"3": {
					"position": {
						"0.0": [0, 0, 0],
						"1.0": [0, 1, 0],
						"2.0": [0, 0, 0]
					}
				},
				"4": {
					"position": {
						"0.0": [0, 0, 0],
						"1.0": [0, 1, 0],
						"2.0": [0, 0, 0]
					}
				},
				"body": {
					"position": {
						"0.0": [0, 0, 0],
						"1.0": [0, -1, 0],
						"2.0": [0, 0, 0]
					}
				},
				"bone": {
					"rotation": {
						"0.0": [0, 0, 85],
						"2.0": [0, 0, 85]
					},
					"position": {
						"0.0": [0, 0, 0.025],
						"2.0": [0, 0, 0.025]
					}
				},
				"bone2": {
					"rotation": {
						"0.0": [-90, 0, -85],
						"2.0": [-90, 0, -85]
					}
				},
				"head": {
					"rotation": {
						"0.0": [10, 0, 0],
						"1.0": [12.5, 0, 0],
						"2.0": [10, 0, 0]
					}
				},
				"bone3": {
					"rotation": {
						"0.0": [0, 0, -90],
						"2.0": [0, 0, -90]
					},
					"position": {
						"0.0": [-0.025, -0.05, 0.025],
						"2.0": [-0.025, -0.05, 0.025]
					}
				},
				"bone4": {
					"rotation": {
						"0.0": [-90, 2.5, 90],
						"2.0": [-90, 2.5, 90]
					}
				}
			}
		},
		"animation.pancham.ground_walk": {
			"loop": true,
			"animation_length": 1.25,
			"bones": {
				"1": {
					"rotation": {
						"0.0": [0, 0, 0],
						"0.25": [-30, 0, 0],
						"1.0": [22.5, 0, 0],
						"1.25": [0, 0, 0]
					}
				},
				"2": {
					"rotation": {
						"0.0": [0, 0, 0],
						"0.25": [22.5, 0, 0],
						"0.75": [-32.5, 0, 0],
						"1.25": [0, 0, 0]
					}
				},
				"3": {
					"rotation": {
						"0.0": [-42.5, 0, 0],
						"1.25": [-42.5, 0, 0]
					},
					"position": {
						"0.0": [0, 1, 0],
						"0.25": [0, 1, -1],
						"0.5": [0, 1, -1],
						"0.75": [0, 0.6, 1],
						"1.25": [0, 1, 0]
					}
				},
				"4": {
					"rotation": {
						"0.0": [15, 0, 0],
						"1.25": [15, 0, 0]
					},
					"position": {
						"0.0": [0, 0, 0],
						"0.25": [0, -1, 1],
						"0.5": [0, 1, 1],
						"0.75": [0, 0.8, -2],
						"1.25": [0, 0, 0]
					}
				},
				"pancham": {
					"rotation": {
						"0.0": [10, 0, 0],
						"1.25": [10, 0, 0]
					},
					"position": {
						"0.0": [0, 0, 0],
						"0.25": [0, 1, 0],
						"0.5": [0, 0, 0],
						"1.0": [0, 0, 0],
						"1.25": [0, 0, 0]
					}
				},
				"body": {
					"position": {
						"0.0": [0, -1, 0],
						"1.25": [0, -1, 0]
					}
				},
				"bone": {
					"rotation": {
						"0.0": [57.06604, 56.65789, 50.9093],
						"1.25": [57.06604, 56.65789, 50.9093]
					}
				},
				"head": {
					"rotation": {
						"0.0": [7.5, 0, 0],
						"0.25": [0, 0, 0],
						"0.5": [5, 0, 0],
						"0.75": [0, 0, 0],
						"1.25": [7.5, 0, 0]
					}
				},
				"bone3": {
					"rotation": {
						"0.0": [64.70269, -22.48947, -56.80338],
						"1.25": [64.70269, -22.48947, -56.80338]
					}
				},
				"art": {
					"rotation": {
						"0.0": [32.5, 0, 0],
						"1.25": [32.5, 0, 0]
					}
				},
				"art2": {
					"rotation": {
						"0.0": [-25, 0, 0],
						"1.25": [-25, 0, 0]
					}
				}
			}
		}
	}
}