{
	"format_version": "1.8.0",
	"animations": {
		"animation.stonjourner.ground_idle": {
			"loop": true,
			"animation_length": 2,
			"bones": {
				"brazo": {
					"rotation": {
						"0.0": [77.20274, 21.44102, 5.22707],
						"1.0": [74.47645, 19.60325, -2.53823],
						"2.0": [77.20274, 21.44102, 5.22707]
					},
					"position": {
						"0.0": [0.3, 0.9, 0],
						"2.0": [0.3, 0.9, 0]
					}
				},
				"brazo2": {
					"rotation": {
						"0.0": [105.79956, -6.89098, -11.62206],
						"1.0": [105.15975, -8.22627, -6.76128],
						"2.0": [106.07552, -6.2044, -14.04174]
					},
					"position": {
						"0.0": [0, 1.1, 0],
						"2.0": [0, 1.1, 0]
					}
				},
				"bone": {
					"rotation": [0, 17.5, 0]
				},
				"bone2": {
					"rotation": {
						"0.0": [-18.50097, 20.71501, -43.41006],
						"1.0": [-17.61226, 11.20491, -40.1899],
						"2.0": [-18.50097, 20.71501, -43.41006]
					},
					"position": {
						"0.0": [1.3, -1, 0],
						"2.0": [1.3, -1, 0]
					}
				},
				"bone3": {
					"rotation": [0, -10, 11]
				},
				"bone4": {
					"rotation": {
						"0.0": [0, 0, 36],
						"1.0": [0, 9, 36],
						"2.0": [0, 0, 36]
					},
					"position": {
						"0.0": [-1.5, -1.5, 0],
						"2.0": [-1.5, -1.5, 0]
					}
				}
			}
		},
		"animation.stonjourner.ground_walk": {
			"loop": true,
			"animation_length": 2.5,
			"bones": {
				"brazo": {
					"rotation": {
						"0.0": [77.20274, 21.44102, 5.22707],
						"0.5": [47.5, 15, -17.5],
						"1.0": [77.20274, 21.44102, 5.22707]
					},
					"position": {
						"0.0": [0.3, 0.9, 0],
						"1.0": [0.3, 0.9, 0]
					}
				},
				"brazo2": {
					"rotation": {
						"0.0": [106.07552, -6.2044, -14.04174],
						"0.5": [100.65526, -8.97234, 5.95843],
						"1.5": [93.01718, -10.13597, 23.65625],
						"2.0": [106.07552, -6.2044, -14.04174]
					},
					"position": {
						"0.0": [0, 1.1, 0],
						"2.0": [0, 1.1, 0]
					}
				},
				"bone": {
					"rotation": [0, 17.5, 0]
				},
				"bone2": {
					"rotation": [-18.50097, 20.71501, -43.41006],
					"position": [1.3, -1, 0]
				},
				"bone3": {
					"rotation": [0, -10, 11]
				},
				"bone4": {
					"rotation": [0, 0, 36],
					"position": [-1.5, -1.5, 0]
				},
				"head": {
					"rotation": {
						"0.0": [0, 0, 0],
						"0.5": [-6.00021, 21.703, -17.23224],
						"1.0": [-0.31528, 17.49725, -1.04852],
						"1.5": [-3.33078, -22.15268, 12.85956],
						"2.0": [0.13397, -14.99942, -0.51764],
						"2.5": [0, 0, 0]
					},
					"position": {
						"0.0": [0, 0, 0],
						"0.5": [-2.3, 2.3, -4.1],
						"1.0": [-0.65, -0.1, -3.1],
						"1.5": [0, 3.5, -2.1],
						"2.0": [0, -0.2, -2.1],
						"2.5": [0, 0, 0]
					}
				},
				"leg2": {
					"rotation": {
						"0.0": [0, 0, 0],
						"0.5": [-13, 0, 0],
						"1.0": [0, 0, 0],
						"1.5": [0, 0, 0]
					},
					"position": {
						"0.0": [0, 0, 0],
						"0.5": [-2.7, 7, -11.6],
						"1.0": [0, 0, -10],
						"1.5": [0, 0, 0]
					}
				},
				"leg1": {
					"rotation": {
						"0.0": [0, 0, 0],
						"1.0": [0, 0, 0],
						"1.5": [-12.5, 0, 0],
						"2.0": [0, 0, 0],
						"2.5": [0, 0, 0]
					},
					"position": {
						"0.0": [0, 0, 0],
						"1.0": [0, 0, 0],
						"1.5": [0, 7, -10],
						"2.0": [0, 0, -6],
						"2.5": [0, 0, 0]
					}
				},
				"bone5": {
					"rotation": {
						"0.0": [0, 0, 0],
						"0.5": [0, 0, 0],
						"1.0": [0, 0, 0],
						"1.2083": [0, 0, 12.5],
						"1.3333": [0, 0, 0],
						"2.0": [0, 0, 0],
						"2.2083": [0, 0, 12.5],
						"2.3333": [0, 0, 0]
					},
					"position": {
						"0.0": [0, 0, 0],
						"0.5": [0, 0, 0],
						"1.0": [0, 0, 0],
						"1.2083": [0, 1, 0],
						"1.3333": [0, 0, 0],
						"2.0": [0, 0, 0],
						"2.2083": [0, 1, 0],
						"2.3333": [0, 0, 0]
					}
				},
				"bone6": {
					"rotation": {
						"0.0": [0, 0, 0],
						"0.5": [0, 0, 0],
						"1.0": [0, 0, 0],
						"1.2083": [0, 0, -25],
						"1.3333": [0, 0, 0],
						"2.0": [0, 0, 0],
						"2.2083": [0, 0, -25],
						"2.3333": [0, 0, 0]
					},
					"position": {
						"0.0": [0, 0, 0],
						"0.5": [0, 0, 0],
						"1.0": [0, 0, 0],
						"1.2083": [-1, 1, 0],
						"1.3333": [0, 0, 0],
						"2.0": [0, 0, 0],
						"2.2083": [-1, 1, 0],
						"2.3333": [0, 0, 0]
					}
				}
			}
		},
		"animation.stonjourner.faint": {
			"loop": "hold_on_last_frame",
			"animation_length": 5,
			"bones": {
				"body": {
					"rotation": {
						"0.0": [0, 0, 0],
						"0.25": [-17.5, 0, 0],
						"0.75": [-37.5, 0, 0]
					}
				},
				"head": {
					"rotation": {
						"0.0": [0, 0, 0],
						"1.0": [-35, 0, 0],
						"1.25": [-52.5, 0, 0]
					},
					"position": {
						"0.0": [0, 0, 0],
						"0.5": [0, 6, 0],
						"0.75": [0, 6, 7],
						"1.0": [0, 2, 21.17],
						"1.25": [0, 2, 27.17]
					}
				},
				"brazo": {
					"rotation": {
						"0.0": [77.20274, 21.44102, 5.22707],
						"0.25": [2.20274, 21.44102, 5.22707],
						"0.75": [2.05057, -1.0439, 4.38415]
					},
					"position": {
						"0.0": [0.3, 0.9, 0],
						"0.5": [3.3, 3.9, 0],
						"0.75": [3.3, 3.9, 4],
						"1.0": [6.3, 10.9, 4],
						"1.25": [9.3, 13.9, 1]
					}
				},
				"bone": {
					"rotation": [0, 17.5, 0]
				},
				"bone2": {
					"rotation": [-18.50097, 20.71501, -43.41006],
					"position": [1.3, -1, 0]
				},
				"brazo2": {
					"rotation": {
						"0.0": [106.07552, -6.2044, -14.04174],
						"0.25": [26.07552, -6.2044, -14.04174],
						"0.75": [26.301, 9.52296, -6.33956]
					},
					"position": {
						"0.0": [0, 1.1, 0],
						"0.5": [-5, 5.1, 0],
						"0.75": [-5, 5.1, 3],
						"1.0": [-10, 8.1, 6],
						"1.25": [-15, 8.1, 1]
					}
				},
				"bone3": {
					"rotation": [0, -10, 11]
				},
				"bone4": {
					"rotation": [0, 0, 36],
					"position": [-1.5, -1.5, 0]
				},
				"leg2": {
					"rotation": {
						"0.0": [0, 0, 0],
						"1.0": [-55, 0, 0]
					},
					"position": [0, 0, 0]
				},
				"leg1": {
					"rotation": {
						"0.0": [0, 0, 0],
						"1.0": [-55, 0, 0]
					},
					"position": [0, 0, 0]
				},
				"bone5": {
					"rotation": {
						"0.0": [0, 0, 0],
						"0.4167": [0, 0, -12.5]
					},
					"position": {
						"0.0": [0, 0, 0],
						"0.4167": [0, 7, 0],
						"0.75": [0.8, 10.2, 5],
						"1.25": [2, 15, 0]
					}
				},
				"bone6": {
					"rotation": {
						"0.0": [0, 0, 0],
						"0.4167": [0, 0, 22.5],
						"0.75": [0, 0, 57.5],
						"1.0": [0, 0, -32.5]
					},
					"position": {
						"0.0": [0, 0, 0],
						"0.4167": [0, 5, 3],
						"0.75": [2, 14.8, 7],
						"1.0": [2, 14.9, 4.5],
						"1.25": [0, 17, 3]
					}
				}
			}
		}
	}
}