{
	"format_version": "1.8.0",
	"animations": {
		"animation.swalot.ground_idle": {
			"loop": true,
			"animation_length": 4,
			"bones": {
				"3": {
					"rotation": {
						"0.0": [0, 0, 0],
						"2.0": [0, 0, -15],
						"4.0": [0, 0, 0]
					}
				},
				"4": {
					"rotation": {
						"0.0": [0, 0, 0],
						"2.0": [0, 0, 15],
						"4.0": [0, 0, 0]
					}
				},
				"5": {
					"rotation": {
						"0.0": [0, 0, 0],
						"2.0": [0, 0, 10],
						"4.0": [0, 0, 0]
					}
				},
				"6": {
					"rotation": {
						"0.0": [0, 0, 0],
						"2.0": [0, 0, -10],
						"4.0": [0, 0, 0]
					}
				},
				"body": {
					"scale": {
						"0.0": [1, 1, 1],
						"2.0": [1, 0.9, 1],
						"4.0": [1, 1, 1]
					}
				}
			}
		},
		"animation.swalot.ground_walk": {
			"loop": true,
			"animation_length": 1,
			"bones": {
				"3": {
					"rotation": {
						"0.0": [0, 0, 0],
						"0.5": [0, 0, -20],
						"1.0": [0, 0, 0]
					}
				},
				"4": {
					"rotation": {
						"0.0": [0, 0, 0],
						"0.5": [0, 0, 17.5],
						"1.0": [0, 0, 0]
					}
				},
				"5": {
					"rotation": {
						"0.0": [0, 0, 0],
						"0.5": [0, 0, 30],
						"1.0": [0, 0, 0]
					}
				},
				"6": {
					"rotation": {
						"0.0": [0, 0, 0],
						"0.5": [0, 0, -30],
						"1.0": [0, 0, 0]
					}
				},
				"body": {
					"position": {
						"0.0": [0, 0, 0],
						"0.5": [0, 3, 0],
						"1.0": [0, 0, 0]
					},
					"scale": {
						"0.0": [1, 1, 1],
						"0.5": [0.9, 1, 1],
						"1.0": [1, 1, 1]
					}
				},
				"torzosup": {
					"rotation": {
						"0.0": [0, 0, 0],
						"0.5": [2.5, 0, 0],
						"1.0": [0, 0, 0]
					}
				}
			}
		}
	}
}