{
	"format_version": "1.12.0",
	"minecraft:geometry": [
		{
			"description": {
				"identifier": "geometry.unknown",
				"texture_width": 256,
				"texture_height": 256,
				"visible_bounds_width": 8,
				"visible_bounds_height": 5.5,
				"visible_bounds_offset": [0, 2.25, 0]
			},
			"bones": [
				{
					"name": "copperajah",
					"pivot": [0, 0, 0]
				},
				{
					"name": "body",
					"parent": "copperajah",
					"pivot": [0, 17, 3],
					"cubes": [
						{"origin": [-18, 49, -26], "size": [32, 3, 18], "uv": [0, 87]},
						{"origin": [-18, 17, -26], "size": [32, 32, 55], "uv": [0, 0]},
						{"origin": [-14, 52, -29], "size": [10, 8, 9], "pivot": [-4, 52, -20], "rotation": [7.5, 0, -7.5], "uv": [29, 157]},
						{"origin": [1, 52, -29], "size": [10, 8, 9], "pivot": [1, 52, -20], "rotation": [7.5, 0, 7.5], "uv": [0, 147]},
						{"origin": [1, 52, -18], "size": [10, 8, 9], "pivot": [1, 52, -18], "rotation": [-7.5, 0, 7.5], "uv": [156, 154]},
						{"origin": [-14, 52, -18], "size": [10, 8, 9], "pivot": [-4, 52, -18], "rotation": [-7.43656, -0.9762, -7.43656], "uv": [118, 154]}
					]
				},
				{
					"name": "orejas",
					"parent": "body",
					"pivot": [0, -3, -25]
				},
				{
					"name": "5",
					"parent": "orejas",
					"pivot": [-17.96082, 45.66578, -21.2266],
					"cubes": [
						{"origin": [-32, 39.4, -24], "size": [18, 16, 0], "pivot": [-18, 47, -24], "rotation": [-13.46783, 32.61461, -23.9568], "uv": [0, 240]}
					]
				},
				{
					"name": "6",
					"parent": "orejas",
					"pivot": [14.39858, 46.30541, -24.77128],
					"cubes": [
						{"origin": [9, 39, -25], "size": [18, 16, 0], "pivot": [14, 47, -24], "rotation": [-10.73052, -46.55847, 14.62771], "uv": [0, 240], "mirror": true}
					]
				},
				{
					"name": "head",
					"parent": "body",
					"pivot": [-1.81818, 53.5, -26],
					"cubes": [
						{"origin": [-18, 41, -30], "size": [32, 11, 4], "uv": [82, 87]}
					]
				},
				{
					"name": "trompa",
					"parent": "head",
					"pivot": [-2, 51, -30],
					"cubes": [
						{"origin": [-11, 41, -41], "size": [18, 10, 12], "uv": [88, 102]}
					]
				},
				{
					"name": "bone",
					"parent": "trompa",
					"pivot": [-2, 49, -41],
					"rotation": [12.5, 0, 0],
					"cubes": [
						{"origin": [-10, 41, -53], "size": [16, 8, 12], "uv": [119, 20]}
					]
				},
				{
					"name": "bone2",
					"parent": "bone",
					"pivot": [-2, 48.5, -53],
					"rotation": [22.5, 0, 0],
					"cubes": [
						{"origin": [-7, 41, -65], "size": [10, 7, 12], "uv": [74, 145]}
					]
				},
				{
					"name": "bone3",
					"parent": "bone2",
					"pivot": [-2, 48.5, -66],
					"rotation": [45, 0, 0],
					"cubes": [
						{"origin": [-9, 41, -77], "size": [14, 7, 12], "uv": [0, 128]}
					]
				},
				{
					"name": "bone4",
					"parent": "bone3",
					"pivot": [-2, 48, -77],
					"rotation": [45, 0, 0],
					"cubes": [
						{"origin": [-10, 41, -89], "size": [16, 8, 12], "uv": [119, 0]}
					]
				},
				{
					"name": "bone5",
					"parent": "bone4",
					"pivot": [-2, 48.4, -88.6],
					"rotation": [47.5, 0, 0],
					"cubes": [
						{"origin": [-11, 41, -101], "size": [18, 8, 12], "uv": [0, 108]},
						{"origin": [-11, 39, -103], "size": [4, 8, 2], "uv": [0, 87]},
						{"origin": [-11, 47, -103], "size": [18, 2, 2], "uv": [0, 42]},
						{"origin": [3, 39, -103], "size": [4, 8, 2], "uv": [0, 21]},
						{"origin": [-4, 39, -103], "size": [4, 8, 2], "uv": [0, 0]}
					]
				},
				{
					"name": "colmillo",
					"parent": "body",
					"pivot": [0, -3, -25],
					"cubes": [
						{"origin": [-18, 30, -28], "size": [8, 8, 2], "uv": [163, 20]},
						{"origin": [-16, 32.54368, -39.93341], "size": [4, 4, 6], "pivot": [-14, 32.03445, -33.69287], "rotation": [-17.5, 0, 0], "uv": [163, 0]},
						{"origin": [-17, 31, -34], "size": [6, 6, 6], "pivot": [-14, 31, -27.5], "rotation": [-5, 0, 0], "uv": [143, 40]},
						{"origin": [-15.5, 34.80176, -43.3202], "size": [3, 3, 4], "pivot": [-14, 34.90552, -39.09747], "rotation": [-24.5, 0, 0], "uv": [0, 97]},
						{"origin": [8.5, 34.80176, -43.3202], "size": [3, 3, 4], "pivot": [10, 34.90552, -39.09747], "rotation": [-24.5, 0, 0], "uv": [0, 97]},
						{"origin": [8, 32.54368, -39.93341], "size": [4, 4, 6], "pivot": [10, 32.03445, -33.69287], "rotation": [-17.5, 0, 0], "uv": [163, 0]},
						{"origin": [7, 31, -34], "size": [6, 6, 6], "pivot": [10, 31, -27.5], "rotation": [-5, 0, 0], "uv": [143, 40]},
						{"origin": [6, 30, -28], "size": [8, 8, 2], "uv": [156, 133]}
					]
				},
				{
					"name": "piernas",
					"parent": "body",
					"pivot": [0, -3, -25]
				},
				{
					"name": "1",
					"parent": "piernas",
					"pivot": [-12.5, 16.25, -13.25],
					"cubes": [
						{"origin": [-18, 8, -26], "size": [11, 9, 12], "uv": [142, 90]},
						{"origin": [-18.5, 0, -27], "size": [12, 8, 13], "uv": [84, 124]}
					]
				},
				{
					"name": "3",
					"parent": "piernas",
					"pivot": [-11.36364, 16.25, 28.75],
					"cubes": [
						{"origin": [-18, 8, 17], "size": [11, 9, 12], "uv": [40, 136]},
						{"origin": [-18.5, 0, 16], "size": [12, 8, 13], "uv": [84, 124]}
					]
				},
				{
					"name": "4",
					"parent": "piernas",
					"pivot": [8.5, 16.25, 16.75],
					"cubes": [
						{"origin": [3, 6.89099, 15.12626], "size": [11, 9, 12], "uv": [122, 133]},
						{"origin": [2.5, -1.10901, 14.12626], "size": [12, 8, 13], "uv": [84, 124]}
					]
				},
				{
					"name": "2",
					"parent": "piernas",
					"pivot": [8.5, 17.25, -14.25],
					"cubes": [
						{"origin": [3, 8, -26], "size": [11, 9, 12], "uv": [136, 112]},
						{"origin": [2.5, 0, -27], "size": [12, 8, 13], "uv": [84, 124]}
					]
				},
				{
					"name": "cola",
					"parent": "body",
					"pivot": [-2, 37, 29],
					"rotation": [-32.5, 0, 0],
					"cubes": [
						{"origin": [-3, 34.02324, 29.06495], "size": [2, 3, 7], "uv": [37, 0]}
					]
				},
				{
					"name": "bone6",
					"parent": "cola",
					"pivot": [-2, 36.52324, 36.06495],
					"rotation": [-12.5, 0, 0],
					"cubes": [
						{"origin": [-3, 34.52324, 36.06495], "size": [2, 2, 5], "uv": [0, 46]}
					]
				},
				{
					"name": "bone7",
					"parent": "bone6",
					"pivot": [-2, 36.42324, 41.06495],
					"rotation": [-25, 0, 0],
					"cubes": [
						{"origin": [-3.5, 33.02324, 41.06495], "size": [3, 5, 4], "uv": [37, 21]}
					]
				},
				{
					"name": "bone8",
					"parent": "bone7",
					"pivot": [0, -2.97676, -24.93505],
					"cubes": [
						{"origin": [-3, 33.52324, 45.06495], "size": [2, 4, 2], "uv": [10, 95]}
					]
				}
			]
		}
	]
}