{
	"format_version": "1.12.0",
	"minecraft:geometry": [
		{
			"description": {
				"identifier": "geometry.unknown",
				"texture_width": 256,
				"texture_height": 256,
				"visible_bounds_width": 7,
				"visible_bounds_height": 4.5,
				"visible_bounds_offset": [0, 1.75, 0]
			},
			"bones": [
				{
					"name": "cufant",
					"pivot": [0, 0, 0]
				},
				{
					"name": "body",
					"parent": "cufant",
					"pivot": [0, 11, 0],
					"cubes": [
						{"origin": [-15, 14, -16], "size": [28, 22, 35], "uv": [0, 0]},
						{"origin": [13, 16, -14], "size": [2, 18, 31], "uv": [0, 92]},
						{"origin": [-17, 16, -14], "size": [2, 18, 31], "uv": [66, 96]},
						{"origin": [-13, 16, 19], "size": [24, 18, 2], "uv": [126, 18]},
						{"origin": [-13, 36, -13], "size": [24, 4, 29], "uv": [75, 63]},
						{"origin": [-12, 40, -1], "size": [22, 2, 16], "uv": [91, 0]},
						{"origin": [-12, 10, -14], "size": [22, 5, 30], "uv": [0, 57]}
					]
				},
				{
					"name": "orjeas",
					"parent": "body",
					"pivot": [0, 11, 0]
				},
				{
					"name": "6",
					"parent": "orjeas",
					"pivot": [-17.03553, 30.5, -12.96447],
					"cubes": [
						{"origin": [-30, 21, -13], "size": [16, 19, 0], "pivot": [-17, 30.5, -13], "rotation": [0, 45, 0], "uv": [0, 234]}
					]
				},
				{
					"name": "5",
					"parent": "orjeas",
					"pivot": [15.03553, 30.5, -12.96447],
					"cubes": [
						{"origin": [12, 21, -13], "size": [16, 19, 0], "pivot": [15, 30.5, -13], "rotation": [0, -45, 0], "uv": [0, 234], "mirror": true}
					]
				},
				{
					"name": "head",
					"parent": "body",
					"pivot": [-1, 27.75, -9.5],
					"rotation": [5, 0, 0],
					"cubes": [
						{"origin": [-10, 28, -23], "size": [18, 13, 13], "uv": [35, 96]},
						{"origin": [-8, 38, -17], "size": [14, 10, 13], "uv": [101, 96]}
					]
				},
				{
					"name": "trompa",
					"parent": "head",
					"pivot": [-1, 36, -23],
					"rotation": [15, 0, 0],
					"cubes": [
						{"origin": [-10.075, 28, -29], "size": [18, 8, 6], "uv": [126, 38]}
					]
				},
				{
					"name": "bone",
					"parent": "trompa",
					"pivot": [-1, 34, -28.5],
					"rotation": [32.5, 0, 0],
					"cubes": [
						{"origin": [-8, 28, -38], "size": [14, 6, 9], "uv": [132, 119]}
					]
				},
				{
					"name": "bone3",
					"parent": "bone",
					"pivot": [-1, 27.1, -38.8],
					"rotation": [-32.5, 0, 0],
					"cubes": [
						{"origin": [-7, 28.6, -47.3], "size": [12, 5, 9], "uv": [132, 134]}
					]
				},
				{
					"name": "bone2",
					"parent": "bone3",
					"pivot": [-1, 29.1, -47.3],
					"rotation": [-70, 0, 0],
					"cubes": [
						{"origin": [-5, 28.6, -56.3], "size": [8, 5, 9], "uv": [0, 0]}
					]
				},
				{
					"name": "bone4",
					"parent": "bone2",
					"pivot": [-1, 34.1, -55.8],
					"rotation": [52.5, 0, 0],
					"cubes": [
						{"origin": [-6, 28.6, -65.3], "size": [10, 7, 9], "uv": [0, 141]},
						{"origin": [-3, 35.6, -64.3], "size": [4, 1, 7], "uv": [0, 101]}
					]
				},
				{
					"name": "bone5",
					"parent": "bone4",
					"pivot": [-1, 34.6, -65.05],
					"rotation": [15, 0, 0],
					"cubes": [
						{"origin": [-5, 28.6, -68.3], "size": [8, 6, 3], "uv": [0, 92]},
						{"origin": [-4, 29.6, -70.3], "size": [6, 4, 2], "uv": [0, 29]}
					]
				},
				{
					"name": "cola",
					"parent": "body",
					"pivot": [-2, 26.5, 21.25],
					"cubes": [
						{"origin": [-3, 24, 21], "size": [2, 5, 4], "uv": [35, 92]},
						{"origin": [-3, 23, 25], "size": [2, 7, 5], "uv": [91, 0]}
					]
				},
				{
					"name": "patas",
					"parent": "body",
					"pivot": [0, 0, 0]
				},
				{
					"name": "1",
					"parent": "patas",
					"pivot": [-9.5, 13.5, -9.5],
					"cubes": [
						{"origin": [-16, 7, -13], "size": [7, 7, 7], "uv": [74, 71]}
					]
				},
				{
					"name": "art",
					"parent": "1",
					"pivot": [-12.6, 6.5, -12.5],
					"cubes": [
						{"origin": [-16.6, 0, -13.5], "size": [8, 7, 8], "uv": [70, 145]}
					]
				},
				{
					"name": "2",
					"parent": "patas",
					"pivot": [6.5, 14.5, -9.5],
					"cubes": [
						{"origin": [7, 7, -13], "size": [7, 7, 7], "uv": [74, 57]}
					]
				},
				{
					"name": "art2",
					"parent": "2",
					"pivot": [10.4, 7.5, -12.5],
					"cubes": [
						{"origin": [6.4, 0, -13.5], "size": [8, 7, 8], "uv": [38, 141]}
					]
				},
				{
					"name": "3",
					"parent": "patas",
					"pivot": [12.5, 13.5, 11.5],
					"cubes": [
						{"origin": [7, 7, 8], "size": [7, 7, 7], "uv": [0, 71]}
					]
				},
				{
					"name": "art3",
					"parent": "3",
					"pivot": [10.4, 6.5, 8.5],
					"cubes": [
						{"origin": [6.4, 0, 7.5], "size": [8, 7, 8], "uv": [91, 18]}
					]
				},
				{
					"name": "4",
					"parent": "patas",
					"pivot": [-9.5, 13.5, 11.5],
					"rotation": [0, 0, 0],
					"cubes": [
						{"origin": [-16, 7, 8], "size": [7, 7, 7], "uv": [0, 57]}
					]
				},
				{
					"name": "art4",
					"parent": "4",
					"pivot": [-12.6, 6.5, 8.5],
					"cubes": [
						{"origin": [-16.6, 0, 7.5], "size": [8, 7, 8], "uv": [0, 14]}
					]
				}
			]
		}
	]
}