{
	"format_version": "1.12.0",
	"minecraft:geometry": [
		{
			"description": {
				"identifier": "geometry.unknown",
				"texture_width": 128,
				"texture_height": 128,
				"visible_bounds_width": 7,
				"visible_bounds_height": 4.5,
				"visible_bounds_offset": [0, 1.75, 0]
			},
			"bones": [
				{
					"name": "bone",
					"pivot": [0, 0, 0]
				},
				{
					"name": "torzo",
					"parent": "bone",
					"pivot": [0, 7, -5]
				},
				{
					"name": "torzoalto",
					"parent": "torzo",
					"pivot": [-0.5, 25.9375, 1.03125],
					"cubes": [
						{"origin": [-5, 26, 0], "size": [9, 8, 4], "uv": [0, 10]},
						{"origin": [-5, 34, -1], "size": [1, 1, 5], "uv": [30, 12]},
						{"origin": [-7, 30, -1], "size": [2, 5, 5], "uv": [47, 51]},
						{"origin": [4, 30, -1], "size": [2, 5, 5], "uv": [14, 53]},
						{"origin": [2, 34, -1], "size": [2, 1, 5], "uv": [53, 21]},
						{"origin": [-5, 27, -2], "size": [2, 7, 2], "uv": [59, 59]},
						{"origin": [2, 27, -2], "size": [2, 7, 2], "uv": [38, 56]},
						{"origin": [-3, 32, -2], "size": [5, 2, 2], "uv": [58, 33]},
						{"origin": [-3, 26, -2], "size": [5, 2, 2], "uv": [56, 49]}
					]
				},
				{
					"name": "cabeza",
					"parent": "torzoalto",
					"pivot": [-0.40651, 36.07778, 1.70651],
					"cubes": [
						{"origin": [-3, 36, -1.6], "size": [5, 7, 5], "pivot": [-0.5, 39.5, 1], "rotation": [0, -45, 0], "uv": [43, 67]},
						{"origin": [3, 36, 0.3], "size": [1, 8, 2], "uv": [32, 61]},
						{"origin": [3, 36, -0.7], "size": [1, 5, 1], "uv": [19, 66]},
						{"origin": [-0.9, 38.9, 3.1], "size": [1, 4, 8], "pivot": [-0.5, 42, 3.45], "rotation": [12.5, 0, 0], "uv": [38, 33]},
						{"origin": [-0.9, 39.4, 11.1], "size": [1, 3, 8], "pivot": [-0.5, 42, 3.45], "rotation": [12.5, 0, 0], "uv": [43, 22]},
						{"origin": [-0.9, 39.9, 19.1], "size": [1, 2, 3], "pivot": [-0.5, 42, 3.45], "rotation": [12.5, 0, 0], "uv": [12, 25]},
						{"origin": [-4.9, 36, -0.7], "size": [1, 5, 1], "uv": [19, 66]},
						{"origin": [-4.9, 36, 0.3], "size": [1, 8, 2], "pivot": [-4.4, 40, 1.3], "rotation": [0, 180, 0], "uv": [32, 61]},
						{"origin": [-21.5, 44, 1.3], "size": [1, 2, 1], "pivot": [-12.7, 39.5, 1.8], "rotation": [0, 180, 0], "uv": [0, 3]},
						{"origin": [-13.6, 44, 1.3], "size": [1, 2, 1], "pivot": [-4.8, 39.5, 1.8], "rotation": [0, 180, 0], "uv": [0, 3]},
						{"origin": [-2.4, 43, -1.1], "size": [4, 1, 4], "pivot": [-0.4, 43.5, 1], "rotation": [0, -45, 0], "uv": [51, 0]},
						{"origin": [-1, 34, 0], "size": [1, 2, 3], "uv": [37, 30]}
					]
				},
				{
					"name": "brazo",
					"parent": "torzoalto",
					"pivot": [4, 32, 1.6]
				},
				{
					"name": "1",
					"parent": "brazo",
					"pivot": [4, 32.5, 1.5],
					"cubes": [
						{"origin": [4, 32, 1], "size": [6, 1, 1], "uv": [61, 29]}
					]
				},
				{
					"name": "bone2",
					"parent": "1",
					"pivot": [10, 32.5, 1.5],
					"cubes": [
						{"origin": [10, 32, 1], "size": [6, 1, 1], "uv": [61, 7]}
					]
				},
				{
					"name": "bone3",
					"parent": "bone2",
					"pivot": [16, 32.5, 1.5],
					"cubes": [
						{"origin": [16, 32, 1], "size": [6, 1, 1], "uv": [61, 5]}
					]
				},
				{
					"name": "bone4",
					"parent": "bone3",
					"pivot": [22, 32.5, 1.5],
					"cubes": [
						{"origin": [22, 32, 1], "size": [6, 1, 1], "uv": [60, 45]}
					]
				},
				{
					"name": "bone14",
					"parent": "bone4",
					"pivot": [28, 32.5, 1.5],
					"cubes": [
						{"origin": [28, 32, 1], "size": [6, 1, 1], "uv": [60, 43]}
					]
				},
				{
					"name": "bone15",
					"parent": "bone14",
					"pivot": [34, 32.5, 1.5],
					"cubes": [
						{"origin": [34, 32, 1], "size": [6, 1, 1], "uv": [60, 41]}
					]
				},
				{
					"name": "2",
					"parent": "brazo",
					"pivot": [4, 31.5, 1.5]
				},
				{
					"name": "bone5",
					"parent": "2",
					"pivot": [10, 31.5, 1.5]
				},
				{
					"name": "bone6",
					"parent": "bone5",
					"pivot": [16, 31.5, 1.5]
				},
				{
					"name": "bone7",
					"parent": "bone6",
					"pivot": [22, 31.5, 1.5]
				},
				{
					"name": "bone16",
					"parent": "bone7",
					"pivot": [28, 31.5, 1.5]
				},
				{
					"name": "bone17",
					"parent": "bone16",
					"pivot": [34, 31.5, 1.5]
				},
				{
					"name": "brazo2",
					"parent": "torzoalto",
					"pivot": [-5, 32, 1.6]
				},
				{
					"name": "3",
					"parent": "brazo2",
					"pivot": [-5, 31.5, 1.5]
				},
				{
					"name": "bone8",
					"parent": "3",
					"pivot": [-11, 31.5, 1.5]
				},
				{
					"name": "bone9",
					"parent": "bone8",
					"pivot": [-17, 31.5, 1.5]
				},
				{
					"name": "bone10",
					"parent": "bone9",
					"pivot": [-23, 31.5, 1.5]
				},
				{
					"name": "bone20",
					"parent": "bone10",
					"pivot": [-29, 31.5, 1.5]
				},
				{
					"name": "bone21",
					"parent": "bone20",
					"pivot": [-35, 31.5, 1.5]
				},
				{
					"name": "4",
					"parent": "brazo2",
					"pivot": [-5, 32.5, 1.5],
					"cubes": [
						{"origin": [-11, 32, 1], "size": [6, 1, 1], "uv": [60, 18]}
					]
				},
				{
					"name": "bone11",
					"parent": "4",
					"pivot": [-11, 32.5, 1.5],
					"cubes": [
						{"origin": [-17, 32, 1], "size": [6, 1, 1], "uv": [60, 16]}
					]
				},
				{
					"name": "bone12",
					"parent": "bone11",
					"pivot": [-17, 32.5, 1.5],
					"cubes": [
						{"origin": [-23, 32, 1], "size": [6, 1, 1], "uv": [60, 14]}
					]
				},
				{
					"name": "bone13",
					"parent": "bone12",
					"pivot": [-23, 32.5, 1.5],
					"cubes": [
						{"origin": [-29, 32, 1], "size": [6, 1, 1], "uv": [58, 37]}
					]
				},
				{
					"name": "bone18",
					"parent": "bone13",
					"pivot": [-29, 32.5, 1.5],
					"cubes": [
						{"origin": [-35, 32, 1], "size": [6, 1, 1], "uv": [56, 53]}
					]
				},
				{
					"name": "bone19",
					"parent": "bone18",
					"pivot": [-35, 32.5, 1.5],
					"cubes": [
						{"origin": [-41, 32, 1], "size": [6, 1, 1], "uv": [53, 27]}
					]
				},
				{
					"name": "cintura",
					"parent": "torzo",
					"pivot": [0, 25, 1],
					"cubes": [
						{"origin": [-3, 23, -2], "size": [5, 3, 6], "uv": [35, 0]}
					]
				},
				{
					"name": "torzobajo",
					"parent": "cintura",
					"pivot": [0, 7, -5],
					"cubes": [
						{"origin": [-5, 19, -2], "size": [9, 4, 6], "uv": [0, 0]}
					]
				},
				{
					"name": "pierna245",
					"parent": "torzobajo",
					"pivot": [-5.125, 20.75, 1],
					"cubes": [
						{"origin": [-6, 24, -2], "size": [2, 2, 9], "pivot": [-5.55, 21, 1], "rotation": [0, 0, -17.5], "uv": [24, 30]},
						{"origin": [-6, 26, 0], "size": [2, 2, 9], "pivot": [-5.55, 21, 1], "rotation": [0, 0, -17.5], "uv": [11, 28]},
						{"origin": [-6, 18, -3], "size": [2, 6, 8], "pivot": [-5.55, 21, 1], "rotation": [0, 0, -17.5], "uv": [0, 22]},
						{"origin": [-6, 16, -2], "size": [2, 2, 6], "pivot": [-5.55, 21, 1], "rotation": [0, 0, -17.5], "uv": [50, 41]},
						{"origin": [-8.05, 17, -2], "size": [3, 6, 6], "uv": [42, 9]}
					]
				},
				{
					"name": "art",
					"parent": "pierna245",
					"pivot": [-6.55, 16.5, 1],
					"cubes": [
						{"origin": [-8.075, 10, -1], "size": [3, 7, 4], "uv": [0, 51]}
					]
				},
				{
					"name": "arrt",
					"parent": "art",
					"pivot": [-6.55, 10, 1],
					"cubes": [
						{"origin": [-7.575, 5, -0.5], "size": [2, 5, 3], "uv": [54, 6]},
						{"origin": [-7.05, 0, -0.5], "size": [1, 5, 3], "uv": [24, 28]}
					]
				},
				{
					"name": "pierna",
					"parent": "torzobajo",
					"pivot": [3.875, 20.75, 1],
					"cubes": [
						{"origin": [3.025, 18, -3], "size": [2, 6, 8], "pivot": [4.5, 21, 1], "rotation": [0, 0, 17.5], "uv": [18, 14]},
						{"origin": [3.025, 16, -2], "size": [2, 2, 6], "pivot": [4.5, 21, 1], "rotation": [0, 0, 17.5], "uv": [48, 33]},
						{"origin": [3.025, 24, -2], "size": [2, 2, 9], "pivot": [4.5, 21, 1], "rotation": [0, 0, 17.5], "uv": [29, 19]},
						{"origin": [3.025, 26, 0], "size": [2, 2, 9], "pivot": [4.5, 21, 1], "rotation": [0, 0, 17.5], "uv": [22, 1]},
						{"origin": [4, 17, -2], "size": [3, 6, 6], "uv": [20, 41]}
					]
				},
				{
					"name": "art2",
					"parent": "pierna",
					"pivot": [5.5, 17.5, 1],
					"cubes": [
						{"origin": [4, 10, -1], "size": [3, 7, 4], "uv": [38, 45]}
					]
				},
				{
					"name": "art3",
					"parent": "art2",
					"pivot": [5.5, 10, 1],
					"cubes": [
						{"origin": [4.5, 5, -0.5], "size": [2, 5, 3], "uv": [28, 53]},
						{"origin": [5, 0, -0.5], "size": [1, 5, 3], "uv": [0, 22]}
					]
				}
			]
		}
	]
}