{
	"format_version": "1.12.0",
	"minecraft:geometry": [
		{
			"description": {
				"identifier": "geometry.unknown",
				"texture_width": 256,
				"texture_height": 256,
				"visible_bounds_width": 6,
				"visible_bounds_height": 5.5,
				"visible_bounds_offset": [0, 2.25, 0]
			},
			"bones": [
				{
					"name": "sdsd",
					"pivot": [0, 0, 0]
				},
				{
					"name": "dssd",
					"parent": "sdsd",
					"pivot": [0, 0, 0]
				},
				{
					"name": "head",
					"parent": "dssd",
					"pivot": [-1.5, 43.98548, 0.30699],
					"cubes": [
						{"origin": [-9, 44, -17], "size": [15, 13, 15], "pivot": [-1.5, 50, -9.5], "rotation": [0, 45, 0], "uv": [92, 79]},
						{"origin": [-2.5, 52, -29], "size": [2, 4, 15], "pivot": [-1.5, 56, -14], "rotation": [-25, 0, 0], "uv": [95, 157]},
						{"origin": [-2.5, 48, -21], "size": [2, 4, 7], "pivot": [-1.5, 56, -14], "rotation": [-25, 0, 0], "uv": [69, 116]},
						{"origin": [-10, 44, -5.9], "size": [1, 8, 3], "pivot": [-1.5, 50, -9.5], "rotation": [0, -45, 0], "uv": [116, 176]},
						{"origin": [-10, 44, -10], "size": [1, 6, 3], "pivot": [-1.5, 50, -9.5], "rotation": [0, -45, 0], "uv": [0, 0]},
						{"origin": [6, 44, -10], "size": [1, 6, 3], "pivot": [-1.5, 50, -9.5], "rotation": [0, 45, 0], "uv": [84, 124]},
						{"origin": [6, 44, -5.9], "size": [1, 8, 3], "pivot": [-1.5, 50, -9.5], "rotation": [0, 45, 0], "uv": [124, 176]}
					]
				},
				{
					"name": "torzo",
					"parent": "dssd",
					"pivot": [0, 1, 0],
					"cubes": [
						{"origin": [-17, 10, -13], "size": [31, 39, 15], "uv": [0, 62]},
						{"origin": [-8, 10, -13], "size": [2, 16, 3], "pivot": [-1, 10, -13], "rotation": [10, 0, 0], "uv": [90, 176]},
						{"origin": [-2, 10, -13], "size": [2, 19, 3], "pivot": [-1, 10, -13], "rotation": [10, 0, 0], "uv": [0, 175]},
						{"origin": [4, 10, -13], "size": [2, 16, 3], "pivot": [-1, 10, -13], "rotation": [10, 0, 0], "uv": [10, 175]}
					]
				},
				{
					"name": "caprazon",
					"parent": "torzo",
					"pivot": [0, 1, 0],
					"cubes": [
						{"origin": [-19, 12.7536, 2.89453], "size": [35, 53, 9], "uv": [0, 0]},
						{"origin": [-14, 15.7536, 11.89453], "size": [25, 47, 7], "uv": [88, 0]},
						{"origin": [-11, 34.7536, 9.89453], "size": [19, 11, 4], "pivot": [-1.5, 59.2536, 18.89453], "rotation": [20, 0, 0], "uv": [152, 18]},
						{"origin": [-11, 22.7536, 4.89453], "size": [19, 11, 4], "pivot": [-1.5, 59.2536, 18.89453], "rotation": [20, 0, 0], "uv": [137, 79]},
						{"origin": [-11, 48.7536, 14.89453], "size": [19, 11, 4], "pivot": [-1.5, 59.2536, 18.89453], "rotation": [20, 0, 0], "uv": [152, 33]},
						{"origin": [-19, 65.7536, -9.10547], "size": [35, 3, 15], "uv": [77, 54]},
						{"origin": [-12, 65.7536, -19.10547], "size": [20, 2, 10], "pivot": [-2, 67.7536, -9.10547], "rotation": [2.5, 0, 0], "uv": [134, 113]},
						{"origin": [-12, 65.7536, 5.89453], "size": [20, 2, 10], "pivot": [-2, 67.7536, 5.89453], "rotation": [-7.5, 0, 0], "uv": [84, 123]},
						{"origin": [-9, 64.46973, 15.78869], "size": [14, 2, 10], "pivot": [-2, 66.30426, 15.63567], "rotation": [-15, 0, 0], "uv": [142, 97]},
						{"origin": [15, 12.7536, -3.10547], "size": [2, 53, 6], "uv": [16, 116]},
						{"origin": [-19, 11.7536, -3.10547], "size": [35, 1, 6], "uv": [92, 72]},
						{"origin": [-20, 12.7536, -3.10547], "size": [2, 53, 6], "uv": [0, 116]}
					]
				},
				{
					"name": "cola",
					"parent": "torzo",
					"pivot": [0, -9.3, 11],
					"cubes": [
						{"origin": [-6, 6.7, -2], "size": [11, 5, 15], "uv": [32, 116]}
					]
				},
				{
					"name": "bone5",
					"parent": "cola",
					"pivot": [0, 6.7, 13],
					"rotation": [15, 0, 0],
					"cubes": [
						{"origin": [-5.5, 6.7, 13], "size": [10, 5, 15], "uv": [129, 125]},
						{"origin": [-1.5, 11.7, 24], "size": [2, 2, 4], "uv": [79, 0]},
						{"origin": [-1.5, 11.7, 19], "size": [2, 2, 4], "uv": [77, 62]}
					]
				},
				{
					"name": "papada",
					"parent": "torzo",
					"pivot": [0, 1, 0],
					"cubes": [
						{"origin": [-12, 39, -23], "size": [21, 6, 10], "uv": [82, 107]},
						{"origin": [-8, 37, -19], "size": [13, 2, 6], "uv": [155, 145]},
						{"origin": [-13, 43, -24], "size": [23, 6, 1], "uv": [32, 136]},
						{"origin": [9, 43, -23], "size": [1, 6, 10], "uv": [44, 165]},
						{"origin": [-13, 43, -23], "size": [1, 6, 10], "uv": [22, 165]}
					]
				},
				{
					"name": "manos",
					"parent": "torzo",
					"pivot": [0, 32, -9]
				},
				{
					"name": "bone",
					"parent": "manos",
					"pivot": [14, 33.5, -13],
					"cubes": [
						{"origin": [9, 28, -18], "size": [13, 9, 9], "pivot": [14, 33.5, -13], "rotation": [0, 52.5, 0], "uv": [152, 0]},
						{"origin": [20, 37, -17], "size": [2, 1, 1], "pivot": [14, 33.5, -13], "rotation": [0, 52.5, 0], "uv": [69, 116]},
						{"origin": [20, 37, -11], "size": [2, 1, 1], "pivot": [14, 33.5, -13], "rotation": [0, 52.5, 0], "uv": [37, 116]},
						{"origin": [20, 37, -14], "size": [2, 1, 1], "pivot": [14, 33.5, -13], "rotation": [0, 52.5, 0], "uv": [99, 79]},
						{"origin": [13.61435, 37, -19.179], "size": [1, 3, 1], "pivot": [15.51647, 36.75, -15.49441], "rotation": [0, 52.5, 0], "uv": [102, 85]},
						{"origin": [13.61435, 37, -13.179], "size": [1, 3, 1], "pivot": [15.51647, 36.75, -15.49441], "rotation": [0, 52.5, 0], "uv": [102, 81]},
						{"origin": [13.61435, 37, -16.179], "size": [2, 4, 1], "pivot": [15.51647, 36.75, -15.49441], "rotation": [0, 52.5, 0], "uv": [26, 116]}
					]
				},
				{
					"name": "bone2",
					"parent": "manos",
					"pivot": [-17, 33.5, -13],
					"cubes": [
						{"origin": [-25, 28, -18], "size": [13, 9, 9], "pivot": [-17, 33.5, -13], "rotation": [0, -52.5, 0], "uv": [120, 145]},
						{"origin": [-25, 37, -17], "size": [2, 1, 1], "pivot": [-17, 33.5, -13], "rotation": [0, -52.5, 0], "uv": [92, 75]},
						{"origin": [-25, 37, -11], "size": [2, 1, 1], "pivot": [-17, 33.5, -13], "rotation": [0, -52.5, 0], "uv": [91, 72]},
						{"origin": [-25, 37, -14], "size": [2, 1, 1], "pivot": [-17, 33.5, -13], "rotation": [0, -52.5, 0], "uv": [79, 6]},
						{"origin": [-19, 37, -17], "size": [1, 3, 1], "pivot": [-17, 33.5, -13], "rotation": [0, -52.5, 0], "uv": [79, 0]},
						{"origin": [-19, 37, -11], "size": [1, 3, 1], "pivot": [-17, 33.5, -13], "rotation": [0, -52.5, 0], "uv": [77, 62]},
						{"origin": [-20, 37, -14], "size": [2, 4, 1], "pivot": [-17, 33.5, -13], "rotation": [0, -52.5, 0], "uv": [16, 116]}
					]
				},
				{
					"name": "dssdsd",
					"parent": "torzo",
					"pivot": [0, 13.6, -2]
				},
				{
					"name": "bone3",
					"parent": "dssdsd",
					"pivot": [13, 14.43237, -12.33986],
					"cubes": [
						{"origin": [7, 5.6, -14], "size": [12, 9, 12], "uv": [32, 144]},
						{"origin": [9, 5.6, -14], "size": [1, 9, 3], "pivot": [13, 5.6, -14], "rotation": [17.5, 0, 0], "uv": [114, 160]},
						{"origin": [8, -0.4, -13], "size": [10, 6, 10], "uv": [70, 156]},
						{"origin": [9, -0.4, -14], "size": [1, 5, 1], "uv": [88, 60]},
						{"origin": [16, 5.6, -14], "size": [1, 9, 3], "pivot": [13, 5.6, -14], "rotation": [17.5, 0, 0], "uv": [32, 143]},
						{"origin": [12, 5.6, -14], "size": [2, 12, 3], "pivot": [13, 5.6, -14], "rotation": [17.5, 0, 0], "uv": [92, 79]},
						{"origin": [12, -0.4, -14], "size": [2, 5, 1], "uv": [10, 116]},
						{"origin": [16, -0.4, -14], "size": [1, 5, 1], "uv": [88, 54]}
					]
				},
				{
					"name": "bone4",
					"parent": "dssdsd",
					"pivot": [-15, 12.43237, -12.33986],
					"cubes": [
						{"origin": [-21, 5.6, -14], "size": [12, 9, 12], "uv": [72, 135]},
						{"origin": [-19, 5.6, -14], "size": [1, 9, 3], "pivot": [-15, 5.6, -14], "rotation": [17.5, 0, 0], "uv": [121, 140]},
						{"origin": [-20, -0.4, -13], "size": [10, 6, 10], "uv": [154, 153]},
						{"origin": [-19, -0.4, -14], "size": [1, 5, 1], "uv": [10, 68]},
						{"origin": [-12, 5.6, -14], "size": [1, 9, 3], "pivot": [-15, 5.6, -14], "rotation": [17.5, 0, 0], "uv": [32, 116]},
						{"origin": [-16, 5.6, -14], "size": [2, 12, 3], "pivot": [-15, 5.6, -14], "rotation": [17.5, 0, 0], "uv": [0, 62]},
						{"origin": [-16, -0.4, -14], "size": [2, 5, 1], "uv": [0, 116]},
						{"origin": [-12, -0.4, -14], "size": [1, 5, 1], "uv": [10, 62]}
					]
				},
				{
					"name": "nubes",
					"parent": "sdsd",
					"pivot": [-2, 62, -22]
				},
				{
					"name": "1",
					"parent": "nubes",
					"pivot": [2, 60, -27],
					"cubes": [
						{"origin": [-13, 57.5, -39.5], "size": [8, 7, 7], "pivot": [-5, 61, -39], "rotation": [0, 10, 0], "uv": [164, 125]},
						{"origin": [-5, 58, -39], "size": [6, 6, 6], "uv": [66, 172]},
						{"origin": [1, 59, -38], "size": [4, 4, 4], "pivot": [0.75, 61, -38], "rotation": [0, -17.5, 0], "uv": [100, 176]},
						{"origin": [4.47473, 60, -35.788], "size": [2, 2, 2], "pivot": [4.42461, 61, -35.68763], "rotation": [0, -37.5, 0], "uv": [87, 0]},
						{"origin": [8.07698, 60.5, -34.0924], "size": [1, 1, 1], "pivot": [5.9868, 61, -34.50397], "rotation": [0, -55, 0], "uv": [83, 72]}
					]
				},
				{
					"name": "2",
					"parent": "nubes",
					"pivot": [-5.3376, 61, -23.59219],
					"rotation": [0, 130, 0],
					"cubes": [
						{"origin": [-16, 57.5, -37.5], "size": [8, 7, 7], "pivot": [-8, 61, -37], "rotation": [0, 10, 0], "uv": [129, 163]},
						{"origin": [-8, 58, -37], "size": [6, 6, 6], "uv": [171, 66]},
						{"origin": [-2, 59, -36], "size": [4, 4, 4], "pivot": [-2.25, 61, -36], "rotation": [0, -17.5, 0], "uv": [34, 165]},
						{"origin": [1.47473, 60, -33.788], "size": [2, 2, 2], "pivot": [1.42461, 61, -33.68763], "rotation": [0, -37.5, 0], "uv": [85, 72]},
						{"origin": [5.07698, 60.5, -32.0924], "size": [1, 1, 1], "pivot": [2.9868, 61, -32.50397], "rotation": [0, -55, 0], "uv": [10, 74]}
					]
				},
				{
					"name": "3",
					"parent": "nubes",
					"pivot": [-2.16037, 61, -25.10524],
					"rotation": [0, -117.5, 0],
					"cubes": [
						{"origin": [-11.93953, 57.5, -42.41952], "size": [8, 7, 7], "pivot": [-3.93953, 61, -41.91952], "rotation": [0, 10, 0], "uv": [162, 48]},
						{"origin": [-3.93953, 58, -41.91952], "size": [6, 6, 6], "uv": [159, 169]},
						{"origin": [2.06047, 59, -40.91952], "size": [4, 4, 4], "pivot": [1.81047, 61, -40.91952], "rotation": [0, -17.5, 0], "uv": [108, 135]},
						{"origin": [5.53519, 60, -38.70752], "size": [2, 2, 2], "pivot": [5.48507, 61, -38.60714], "rotation": [0, -37.5, 0], "uv": [77, 72]},
						{"origin": [9.13745, 60.5, -37.01191], "size": [1, 1, 1], "pivot": [7.04727, 61, -37.42348], "rotation": [0, -55, 0], "uv": [5, 0]}
					]
				}
			]
		}
	]
}