{
	"format_version": "1.12.0",
	"minecraft:geometry": [
		{
			"description": {
				"identifier": "geometry.unknown",
				"texture_width": 512,
				"texture_height": 512,
				"visible_bounds_width": 7,
				"visible_bounds_height": 8.5,
				"visible_bounds_offset": [0, 3.75, 0]
			},
			"bones": [
				{
					"name": "melmetal",
					"pivot": [0, 0, 0]
				},
				{
					"name": "body",
					"parent": "melmetal",
					"pivot": [0, 0, 0]
				},
				{
					"name": "cintura",
					"parent": "body",
					"pivot": [-1, 29, 0]
				},
				{
					"name": "1",
					"parent": "cintura",
					"pivot": [-1, 29, 0],
					"cubes": [
						{"origin": [-5.9, 52, -1], "size": [7, 2, 3], "pivot": [-3.5, 53, 1.5], "rotation": [0, 0, 30], "uv": [102, 236]},
						{"origin": [-1.1, 52, -1], "size": [7, 2, 3], "pivot": [3.5, 53, 1.5], "rotation": [0, 0, -30], "uv": [230, 8]},
						{"origin": [-1.1, 60.6, -1], "size": [7, 2, 3], "pivot": [3.5, 61.6, 1.5], "rotation": [0, 0, 30], "uv": [220, 54]},
						{"origin": [-5.9, 60.6, -1], "size": [7, 2, 3], "pivot": [-3.5, 61.6, 1.5], "rotation": [0, 0, -30], "uv": [165, 225]},
						{"origin": [-6.1, 53.3, -1], "size": [2, 8, 3], "uv": [175, 230]},
						{"origin": [4.1, 53.3, -1], "size": [2, 8, 3], "uv": [0, 171]}
					]
				},
				{
					"name": "2",
					"parent": "cintura",
					"pivot": [-1, 29, 3],
					"cubes": [
						{"origin": [-5.9, 52, 2], "size": [7, 2, 3], "pivot": [-3.5, 53, 4.5], "rotation": [0, 0, 30], "uv": [112, 208]},
						{"origin": [-1.1, 52, 2], "size": [7, 2, 3], "pivot": [3.5, 53, 4.5], "rotation": [0, 0, -30], "uv": [92, 208]},
						{"origin": [-1.1, 60.6, 2], "size": [7, 2, 3], "pivot": [3.5, 61.6, 4.5], "rotation": [0, 0, 30], "uv": [202, 164]},
						{"origin": [-5.9, 60.6, 2], "size": [7, 2, 3], "pivot": [-3.5, 61.6, 4.5], "rotation": [0, 0, -30], "uv": [140, 188]},
						{"origin": [-6.1, 53.3, 2], "size": [2, 8, 3], "uv": [99, 165]},
						{"origin": [4.1, 53.3, 2], "size": [2, 8, 3], "uv": [149, 30]}
					]
				},
				{
					"name": "3",
					"parent": "cintura",
					"pivot": [-1, 29, 6],
					"cubes": [
						{"origin": [-5.9, 52, 5], "size": [7, 2, 3], "pivot": [-3.5, 53, 7.5], "rotation": [0, 0, 30], "uv": [178, 23]},
						{"origin": [-1.1, 52, 5], "size": [7, 2, 3], "pivot": [3.5, 53, 7.5], "rotation": [0, 0, -30], "uv": [167, 0]},
						{"origin": [-1.1, 60.6, 5], "size": [7, 2, 3], "pivot": [3.5, 61.6, 7.5], "rotation": [0, 0, 30], "uv": [20, 166]},
						{"origin": [-5.9, 60.6, 5], "size": [7, 2, 3], "pivot": [-3.5, 61.6, 7.5], "rotation": [0, 0, -30], "uv": [0, 166]},
						{"origin": [-6.1, 53.3, 5], "size": [2, 8, 3], "uv": [75, 131]},
						{"origin": [4.1, 53.3, 5], "size": [2, 8, 3], "uv": [0, 131]}
					]
				},
				{
					"name": "torzoup",
					"parent": "body",
					"pivot": [-1, 29, 0]
				},
				{
					"name": "4",
					"parent": "torzoup",
					"pivot": [0, 70.3, 3.5],
					"rotation": [-90, 0, 0],
					"cubes": [
						{"origin": [-9.2, 59.8, -1], "size": [13, 2, 9], "pivot": [-3.8, 65.8, 4.5], "rotation": [0, 0, 30], "uv": [194, 317]},
						{"origin": [-4.2, 59.8, -1], "size": [13, 2, 9], "pivot": [3.4, 65.8, 4.5], "rotation": [0, 0, -30], "uv": [194, 309]},
						{"origin": [-4.2, 78.8, -1], "size": [13, 2, 9], "pivot": [3.4, 74.8, 4.5], "rotation": [0, 0, 30], "uv": [28, 420]},
						{"origin": [-9.2, 78.8, -1], "size": [13, 2, 9], "pivot": [-3.8, 74.8, 4.5], "rotation": [0, 0, -30], "uv": [192, 273]},
						{"origin": [-11.4, 63.3, -1], "size": [2, 14, 9], "uv": [93, 440]},
						{"origin": [9, 63.3, -1], "size": [2, 14, 9], "uv": [171, 437]}
					]
				},
				{
					"name": "pecho",
					"parent": "torzoup",
					"pivot": [-1, 29, 0],
					"cubes": [
						{"origin": [-9, 62.7, -4], "size": [18, 7, 15], "uv": [144, 28]},
						{"origin": [-10, 74.7, -8], "size": [20, 3, 22], "uv": [64, 124]},
						{"origin": [0, 71.7, -9], "size": [9, 5, 2], "uv": [38, 158]},
						{"origin": [-6.4, 60.7, 0], "size": [3, 2, 7], "uv": [196, 73]},
						{"origin": [3, 60.7, 0], "size": [4, 2, 7], "uv": [125, 188]},
						{"origin": [6, 60, 0.2], "size": [2, 7, 7], "uv": [247, 54]},
						{"origin": [3.8, 61, -4.2], "size": [2, 4, 2], "uv": [136, 124]},
						{"origin": [-8.2, 60, -0.3], "size": [2, 5, 7], "uv": [186, 137]}
					]
				},
				{
					"name": "cara",
					"parent": "torzoup",
					"pivot": [0, 77.3875, 8.375],
					"cubes": [
						{"origin": [-4, 77.7, 3], "size": [8, 9, 6], "uv": [240, 244]},
						{"origin": [-4, 86.7, 1], "size": [8, 1, 6], "uv": [106, 149]},
						{"origin": [-4, 85.7, 0], "size": [8, 1, 3], "uv": [0, 68]},
						{"origin": [-2, 84.7, 0], "size": [4, 1, 1], "uv": [0, 72]},
						{"origin": [-0.5, 81.7, 2], "size": [1, 1, 1], "uv": [19, 17]},
						{"origin": [-4, 77.7, 0], "size": [8, 2, 3], "uv": [0, 18]},
						{"origin": [-4, 79.7, 0], "size": [1, 6, 3], "uv": [179, 52]},
						{"origin": [3, 79.7, 0], "size": [1, 6, 3], "uv": [193, 105]}
					]
				},
				{
					"name": "rueda",
					"parent": "cara",
					"pivot": [0.05, 82.3, 0.5],
					"rotation": [0, 0, -90],
					"cubes": [
						{"origin": [-2.6, 80.3, 1], "size": [1, 4, 1], "uv": [0, 0]},
						{"origin": [-2.4, 82.8, 1], "size": [3, 1, 1], "pivot": [-3.5, 83.8, 1.5], "rotation": [0, 0, -30], "uv": [15, 0]},
						{"origin": [-0.5, 82.8, 1], "size": [3, 1, 1], "pivot": [3.6, 83.8, 1.5], "rotation": [0, 0, 30], "uv": [15, 2]},
						{"origin": [1.7, 80.3, 1], "size": [1, 4, 1], "uv": [20, 4]},
						{"origin": [-0.5, 80.8, 1], "size": [3, 1, 1], "pivot": [3.6, 80.8, 1.5], "rotation": [0, 0, -30], "uv": [15, 50]},
						{"origin": [-2.4, 80.8, 1], "size": [3, 1, 1], "pivot": [-3.5, 80.8, 1.5], "rotation": [0, 0, 30], "uv": [15, 52]}
					]
				},
				{
					"name": "brazos",
					"parent": "torzoup",
					"pivot": [43, 29, 0]
				},
				{
					"name": "5",
					"parent": "brazos",
					"pivot": [10.6, 72.8, 3.5],
					"rotation": [-90, 0, 90],
					"cubes": [
						{"origin": [0.6, 62.3, -6.5], "size": [13, 2, 6], "pivot": [6, 68.3, -1], "rotation": [0, 0, 30], "uv": [30, 226]},
						{"origin": [5.6, 62.3, -6.5], "size": [13, 2, 6], "pivot": [13.2, 68.3, -1], "rotation": [0, 0, -30], "uv": [133, 225]},
						{"origin": [5.6, 81.3, -6.5], "size": [13, 2, 6], "pivot": [13.2, 77.3, -1], "rotation": [0, 0, 30], "uv": [224, 184]},
						{"origin": [0.6, 81.3, -6.5], "size": [13, 2, 6], "pivot": [6, 77.3, -1], "rotation": [0, 0, -30], "uv": [223, 206]},
						{"origin": [-1.6, 65.8, -6.5], "size": [2, 14, 6], "uv": [111, 242]},
						{"origin": [18.8, 65.8, -6.5], "size": [2, 14, 6], "uv": [157, 0]},
						{"origin": [0.1, 65.7, -10], "size": [19, 14, 13], "uv": [135, 136]},
						{"origin": [2.1, 63.7, -9], "size": [15, 12, 11], "uv": [185, 82]},
						{"origin": [2.1, 69.5, -9], "size": [15, 12, 11], "uv": [43, 185]},
						{"origin": [6.1, 61.5, -8], "size": [7, 11, 9], "uv": [101, 216]},
						{"origin": [5.6, 73, -8], "size": [8, 11, 9], "uv": [67, 208]}
					]
				},
				{
					"name": "7",
					"parent": "5",
					"pivot": [9.6, 72.8, -3.5],
					"cubes": [
						{"origin": [-3.9, 60.7, -23], "size": [26, 24, 17], "uv": [75, 83]}
					]
				},
				{
					"name": "6",
					"parent": "7",
					"pivot": [20.6, 77.3, -14],
					"rotation": [0, 90, 0],
					"cubes": [
						{"origin": [14.7, 67, -7.5], "size": [7, 2, 3], "pivot": [17.1, 68, -5], "rotation": [0, 0, 30], "uv": [161, 50]},
						{"origin": [19.5, 67, -7.5], "size": [7, 2, 3], "pivot": [24.1, 68, -5], "rotation": [0, 0, -30], "uv": [114, 156]},
						{"origin": [19.5, 75.6, -7.5], "size": [7, 2, 3], "pivot": [24.1, 76.6, -5], "rotation": [0, 0, 30], "uv": [144, 93]},
						{"origin": [14.7, 75.6, -7.5], "size": [7, 2, 3], "pivot": [17.1, 76.6, -5], "rotation": [0, 0, -30], "uv": [132, 28]},
						{"origin": [14.5, 68.3, -7.5], "size": [2, 8, 3], "uv": [65, 111]},
						{"origin": [10.1, 66.7, -15], "size": [5, 11, 10], "pivot": [16.6, 72.2, -6], "rotation": [0, -90, 0], "uv": [225, 33]},
						{"origin": [17.1, 65.7, -12], "size": [3, 1, 3], "pivot": [19.1, 66.2, -6.25], "rotation": [0, -90, 0], "uv": [127, 79]},
						{"origin": [15.1, 65.7, -8], "size": [5, 1, 4], "pivot": [19.1, 66.2, -6.25], "rotation": [0, -90, 0], "uv": [187, 206]},
						{"origin": [24.7, 68.3, -7.5], "size": [2, 8, 3], "uv": [101, 0]},
						{"origin": [18.1, 66.7, -15], "size": [5, 11, 10], "pivot": [16.6, 72.2, -6], "rotation": [0, -90, 0], "uv": [186, 224]}
					]
				},
				{
					"name": "bone",
					"parent": "6",
					"pivot": [20.62154, 72.72959, 23.42857],
					"rotation": [0, -90, 0],
					"cubes": [
						{"origin": [-2.9, 62.7, 15], "size": [9, 19, 17], "uv": [47, 149]}
					]
				},
				{
					"name": "bone3",
					"parent": "bone",
					"pivot": [6.62154, 80.72959, 23.42857],
					"cubes": [
						{"origin": [6.1, 59.7, 11], "size": [22, 26, 24], "uv": [0, 50]},
						{"origin": [25.1, 61.2, 19], "size": [6, 6, 9], "pivot": [28.1, 64.2, 23.5], "rotation": [0, 0, 45], "uv": [0, 240]},
						{"origin": [22.1, 52.2, 19], "size": [6, 6, 9], "pivot": [28.1, 64.2, 23.5], "rotation": [0, 0, 45], "uv": [81, 236]},
						{"origin": [25.1, 69.7, 19], "size": [6, 6, 9], "pivot": [28.1, 72.7, 23.5], "rotation": [0, 0, 45], "uv": [238, 150]},
						{"origin": [25.1, 78.2, 19], "size": [6, 6, 9], "pivot": [28.1, 81.2, 23.5], "rotation": [0, 0, 45], "uv": [237, 89]},
						{"origin": [17.1, 77.2, 19], "size": [6, 6, 9], "pivot": [28.1, 81.2, 23.5], "rotation": [0, 0, 45], "uv": [51, 236]}
					]
				},
				{
					"name": "8",
					"parent": "brazos",
					"pivot": [-18, 73.8, 3.5],
					"rotation": [-90, 0, -90],
					"cubes": [
						{"origin": [-22, 63.3, 0.5], "size": [13, 2, 6], "pivot": [-14.4, 69.3, 6], "rotation": [0, 0, -30], "uv": [30, 226], "mirror": true},
						{"origin": [-27, 63.3, 0.5], "size": [13, 2, 6], "pivot": [-21.6, 69.3, 6], "rotation": [0, 0, 30], "uv": [133, 225], "mirror": true},
						{"origin": [-27, 82.3, 0.5], "size": [13, 2, 6], "pivot": [-21.6, 78.3, 6], "rotation": [0, 0, -30], "uv": [224, 184], "mirror": true},
						{"origin": [-22, 82.3, 0.5], "size": [13, 2, 6], "pivot": [-14.4, 78.3, 6], "rotation": [0, 0, 30], "uv": [223, 206], "mirror": true},
						{"origin": [-8.8, 66.8, 0.5], "size": [2, 14, 6], "uv": [111, 242], "mirror": true},
						{"origin": [-29.2, 66.8, 0.5], "size": [2, 14, 6], "uv": [157, 0], "mirror": true},
						{"origin": [-27.5, 66.7, -3], "size": [19, 14, 13], "uv": [135, 136], "mirror": true},
						{"origin": [-25.5, 64.7, -2], "size": [15, 12, 11], "uv": [185, 82], "mirror": true},
						{"origin": [-25.5, 70.5, -2], "size": [15, 12, 11], "uv": [43, 185], "mirror": true},
						{"origin": [-21.5, 62.5, -1], "size": [7, 11, 9], "uv": [101, 216], "mirror": true},
						{"origin": [-22, 74, -1], "size": [8, 11, 9], "uv": [67, 208], "mirror": true}
					]
				},
				{
					"name": "12",
					"parent": "8",
					"pivot": [-18, 73.8, 3.5],
					"cubes": [
						{"origin": [-30.5, 61.7, -16], "size": [26, 24, 17], "uv": [75, 83], "mirror": true}
					]
				},
				{
					"name": "13",
					"parent": "12",
					"pivot": [-30, 78.3, -7],
					"rotation": [0, -90, 0],
					"cubes": [
						{"origin": [-31.1, 68, -1.5], "size": [7, 2, 3], "pivot": [-26.5, 69, 1], "rotation": [0, 0, -30], "uv": [161, 50], "mirror": true},
						{"origin": [-35.9, 68, -1.5], "size": [7, 2, 3], "pivot": [-33.5, 69, 1], "rotation": [0, 0, 30], "uv": [114, 156], "mirror": true},
						{"origin": [-35.9, 76.6, -1.5], "size": [7, 2, 3], "pivot": [-33.5, 77.6, 1], "rotation": [0, 0, -30], "uv": [144, 93], "mirror": true},
						{"origin": [-31.1, 76.6, -1.5], "size": [7, 2, 3], "pivot": [-26.5, 77.6, 1], "rotation": [0, 0, 30], "uv": [132, 28], "mirror": true},
						{"origin": [-25.9, 69.3, -1.5], "size": [2, 8, 3], "uv": [65, 111], "mirror": true},
						{"origin": [-24.5, 67.7, -9], "size": [5, 11, 10], "pivot": [-26, 73.2, 0], "rotation": [0, 90, 0], "uv": [225, 33], "mirror": true},
						{"origin": [-29.5, 66.7, -6], "size": [3, 1, 3], "pivot": [-28.5, 67.2, -0.25], "rotation": [0, 90, 0], "uv": [127, 79], "mirror": true},
						{"origin": [-29.5, 66.7, -2], "size": [5, 1, 4], "pivot": [-28.5, 67.2, -0.25], "rotation": [0, 90, 0], "uv": [187, 206], "mirror": true},
						{"origin": [-36.1, 69.3, -1.5], "size": [2, 8, 3], "uv": [101, 0], "mirror": true},
						{"origin": [-32.5, 67.7, -9], "size": [5, 11, 10], "pivot": [-26, 73.2, 0], "rotation": [0, 90, 0], "uv": [186, 224], "mirror": true}
					]
				},
				{
					"name": "bone4",
					"parent": "13",
					"pivot": [-30.02154, 77.72959, 5.42857],
					"rotation": [0, 90, 0],
					"cubes": [
						{"origin": [-39.5, 63.7, -3], "size": [9, 19, 17], "uv": [47, 149], "mirror": true}
					]
				},
				{
					"name": "bone5",
					"parent": "bone4",
					"pivot": [-39.02154, 81.72959, 5.42857],
					"cubes": [
						{"origin": [-61.5, 60.7, -7], "size": [22, 26, 24], "uv": [0, 50], "mirror": true},
						{"origin": [-64.5, 62.2, 1], "size": [6, 6, 9], "pivot": [-61.5, 65.2, 5.5], "rotation": [0, 0, -45], "uv": [0, 240], "mirror": true},
						{"origin": [-61.5, 53.2, 1], "size": [6, 6, 9], "pivot": [-61.5, 65.2, 5.5], "rotation": [0, 0, -45], "uv": [81, 236], "mirror": true},
						{"origin": [-64.5, 70.7, 1], "size": [6, 6, 9], "pivot": [-61.5, 73.7, 5.5], "rotation": [0, 0, -45], "uv": [238, 150], "mirror": true},
						{"origin": [-64.5, 79.2, 1], "size": [6, 6, 9], "pivot": [-61.5, 82.2, 5.5], "rotation": [0, 0, -45], "uv": [237, 89], "mirror": true},
						{"origin": [-56.5, 78.2, 1], "size": [6, 6, 9], "pivot": [-61.5, 82.2, 5.5], "rotation": [0, 0, -45], "uv": [51, 236], "mirror": true}
					]
				},
				{
					"name": "piernas",
					"parent": "body",
					"pivot": [-1, 29, 0],
					"cubes": [
						{"origin": [-3.6, 43.1, -2.95], "size": [14, 10, 13], "pivot": [5.5, 48, -2], "rotation": [0, 0, -30], "uv": [0, 172]},
						{"origin": [-11.62724, 41.88205, -3], "size": [14, 10, 13], "pivot": [-3.72724, 44.98205, 3.5], "rotation": [0, 0, 30], "uv": [161, 163]}
					]
				},
				{
					"name": "bone2",
					"parent": "piernas",
					"pivot": [5.31436, 43.19334, 7.5],
					"cubes": [
						{"origin": [-0.6, 32.1, -1], "size": [9, 11, 9], "pivot": [5.5, 48, -2], "rotation": [0, 0, -30], "uv": [126, 205]}
					]
				},
				{
					"name": "bone6",
					"parent": "bone2",
					"pivot": [-1, 29, 0],
					"cubes": [
						{"origin": [1.4, 19.1, 1], "size": [5, 13, 5], "pivot": [5.5, 48, -2], "rotation": [0, 0, -30], "uv": [0, 50]}
					]
				},
				{
					"name": "bone7",
					"parent": "bone6",
					"pivot": [-1, 29, 0],
					"cubes": [
						{"origin": [12, 17, -2], "size": [11, 8, 11], "uv": [150, 186]}
					]
				},
				{
					"name": "bone8",
					"parent": "bone7",
					"pivot": [-1, 29, 0],
					"cubes": [
						{"origin": [10, 7, -4], "size": [16, 10, 15], "uv": [99, 163]},
						{"origin": [13, 3, -9], "size": [10, 10, 10], "pivot": [18, 8, -4], "rotation": [45, 0, 0], "uv": [198, 124]},
						{"origin": [7, 0, -7], "size": [22, 7, 21], "uv": [0, 103]}
					]
				},
				{
					"name": "bone9",
					"parent": "piernas",
					"pivot": [-7.31436, 43.19334, 7.5],
					"cubes": [
						{"origin": [-8.4, 32.1, -1], "size": [9, 11, 9], "pivot": [-5.5, 48, -2], "rotation": [0, 0, 30], "uv": [126, 205], "mirror": true}
					]
				},
				{
					"name": "bone10",
					"parent": "bone9",
					"pivot": [1, 29, 0],
					"cubes": [
						{"origin": [-6.4, 19.1, 1], "size": [5, 13, 5], "pivot": [-5.5, 48, -2], "rotation": [0, 0, 30], "uv": [0, 50], "mirror": true}
					]
				},
				{
					"name": "bone11",
					"parent": "bone10",
					"pivot": [1, 29, 0],
					"cubes": [
						{"origin": [-23, 17, -2], "size": [11, 8, 11], "uv": [150, 186], "mirror": true}
					]
				},
				{
					"name": "bone12",
					"parent": "bone11",
					"pivot": [1, 29, 0],
					"cubes": [
						{"origin": [-26, 7, -4], "size": [16, 10, 15], "uv": [99, 163], "mirror": true},
						{"origin": [-23, 3, -9], "size": [10, 10, 10], "pivot": [-18, 8, -4], "rotation": [45, 0, 0], "uv": [198, 124], "mirror": true},
						{"origin": [-29, 0, -7], "size": [22, 7, 21], "uv": [0, 103], "mirror": true}
					]
				},
				{
					"name": "nube",
					"parent": "body",
					"pivot": [0, 105, 0]
				},
				{
					"name": "9",
					"parent": "nube",
					"pivot": [20.36378, 106, -25.15939],
					"rotation": [0, 7.5, 0],
					"cubes": [
						{"origin": [-3.52269, 101, -37.34412], "size": [10, 10, 10], "pivot": [6.47731, 106, -36.34412], "rotation": [0, 10, 0], "uv": [195, 23]},
						{"origin": [6.47731, 101.5, -36.84412], "size": [9, 9, 9], "uv": [31, 208]},
						{"origin": [15.47731, 102, -36.34412], "size": [8, 8, 8], "pivot": [15.47731, 106, -36.39412], "rotation": [0, -22.5, 0], "uv": [225, 15]},
						{"origin": [22.8621, 102.5, -32.93697], "size": [7, 7, 7], "pivot": [22.47731, 106, -33.39412], "rotation": [0, -37.5, 0], "uv": [245, 228]},
						{"origin": [27.85153, 103, -28.45993], "size": [6, 6, 6], "pivot": [27.47731, 106, -28.39412], "rotation": [0, -57.5, 0], "uv": [146, 163]},
						{"origin": [30.9552, 103.5, -20.88477], "size": [5, 5, 5], "pivot": [31.47731, 106, -20.39412], "rotation": [0, -72.5, 0], "uv": [242, 214]},
						{"origin": [32.66809, 104.5, -14.12612], "size": [3, 3, 3], "pivot": [32.26066, 105, -13.22753], "rotation": [0, -92.5, 0], "uv": [135, 197]}
					]
				},
				{
					"name": "10",
					"parent": "nube",
					"pivot": [-10.63622, 106, 5.84061],
					"rotation": [0, 122.5, 0],
					"cubes": [
						{"origin": [-21.78943, 101, -18.78856], "size": [10, 10, 10], "pivot": [-11.78943, 106, -17.78856], "rotation": [0, 10, 0], "uv": [0, 195]},
						{"origin": [-11.78943, 101.5, -18.28856], "size": [9, 9, 9], "uv": [196, 206]},
						{"origin": [-2.78943, 102, -17.78856], "size": [8, 8, 8], "pivot": [-2.78943, 106, -17.83856], "rotation": [0, -22.5, 0], "uv": [223, 65]},
						{"origin": [4.59537, 102.5, -14.38141], "size": [7, 7, 7], "pivot": [4.21057, 106, -14.83856], "rotation": [0, -37.5, 0], "uv": [177, 245]},
						{"origin": [9.58479, 103, -9.90437], "size": [6, 6, 6], "pivot": [9.21057, 106, -9.83856], "rotation": [0, -57.5, 0], "uv": [161, 93]},
						{"origin": [12.68846, 103.5, -2.3292], "size": [5, 5, 5], "pivot": [13.21057, 106, -1.83856], "rotation": [0, -72.5, 0], "uv": [183, 186]},
						{"origin": [14.40135, 104.5, 4.42944], "size": [3, 3, 3], "pivot": [13.99392, 105, 5.32803], "rotation": [0, -92.5, 0], "uv": [30, 195]}
					]
				},
				{
					"name": "11",
					"parent": "nube",
					"pivot": [2.02667, 106, 1.78788],
					"rotation": [0, -112.5, 0],
					"cubes": [
						{"origin": [-5.74081, 101, -35.69859], "size": [10, 10, 10], "pivot": [4.25919, 106, -34.69859], "rotation": [0, 10, 0], "uv": [194, 186]},
						{"origin": [4.25919, 101.5, -35.19859], "size": [9, 9, 9], "uv": [193, 105]},
						{"origin": [13.25919, 102, -34.69859], "size": [8, 8, 8], "pivot": [13.25919, 106, -34.74859], "rotation": [0, -22.5, 0], "uv": [82, 149]},
						{"origin": [20.64398, 102.5, -31.29145], "size": [7, 7, 7], "pivot": [20.25919, 106, -31.74859], "rotation": [0, -37.5, 0], "uv": [234, 192]},
						{"origin": [25.63341, 103, -26.81441], "size": [6, 6, 6], "pivot": [25.25919, 106, -26.74859], "rotation": [0, -57.5, 0], "uv": [51, 131]},
						{"origin": [28.73708, 103.5, -19.23924], "size": [5, 5, 5], "pivot": [29.25919, 106, -18.74859], "rotation": [0, -72.5, 0], "uv": [84, 185]},
						{"origin": [30.44997, 104.5, -12.48059], "size": [3, 3, 3], "pivot": [30.04254, 105, -11.582], "rotation": [0, -92.5, 0], "uv": [173, 5]}
					]
				}
			]
		}
	]
}