{
	"format_version": "1.12.0",
	"minecraft:geometry": [
		{
			"description": {
				"identifier": "geometry.unknown",
				"texture_width": 128,
				"texture_height": 128,
				"visible_bounds_width": 5,
				"visible_bounds_height": 4.5,
				"visible_bounds_offset": [0, 1.75, 0]
			},
			"bones": [
				{
					"name": "pangoro",
					"pivot": [0, 0, 0]
				},
				{
					"name": "body",
					"parent": "pangoro",
					"pivot": [-1, 15.75, 6.5],
					"cubes": [
						{"origin": [-5, 32, 4], "size": [8, 1, 5], "uv": [66, 16]},
						{"origin": [-8, 28, 2], "size": [14, 4, 9], "uv": [0, 37]},
						{"origin": [-9, 16, 1], "size": [16, 12, 11], "uv": [0, 0]},
						{"origin": [-8, 13, 1], "size": [14, 3, 11], "uv": [0, 23]}
					]
				},
				{
					"name": "aletas",
					"parent": "body",
					"pivot": [0, -7, 0],
					"cubes": [
						{"origin": [6, 32, 2], "size": [0, 4, 9], "pivot": [6, 32, 6.5], "rotation": [0, 0, 10], "uv": [0, 106]},
						{"origin": [-8, 32, 11], "size": [14, 5, 0], "pivot": [-1, 32, 11], "rotation": [-20, 0, 0], "uv": [0, 108]},
						{"origin": [-8, 32, 2], "size": [0, 4, 9], "pivot": [-8, 32, 6.5], "rotation": [0, 0, -10], "uv": [0, 106]},
						{"origin": [7, 9, 1], "size": [0, 19, 11], "pivot": [7, 28, 6.5], "rotation": [0, 0, -10], "uv": [70, 67]},
						{"origin": [-9, 9, 1], "size": [0, 19, 11], "pivot": [-9, 28, 6.5], "rotation": [0, 0, 10], "uv": [70, 67]},
						{"origin": [-9, 22, 1], "size": [16, 6, 0], "pivot": [-1, 28, 1], "rotation": [-10, 0, 0], "uv": [0, 92]},
						{"origin": [-9, 0, 12], "size": [16, 28, 0], "pivot": [-1, 28, 12], "rotation": [10, 0, 0], "uv": [34, 78]},
						{"origin": [-8, 28, 2], "size": [14, 7, 0], "pivot": [-1, 28, 2], "rotation": [27.5, 0, 0], "uv": [0, 121]}
					]
				},
				{
					"name": "brazos",
					"parent": "body",
					"pivot": [6, 29.8, 3.5],
					"cubes": [
						{"origin": [5.60908, 27.06017, 4], "size": [10, 5, 5], "uv": [85, 31]}
					]
				},
				{
					"name": "art",
					"parent": "brazos",
					"pivot": [15.33547, 29.56017, 6.5],
					"cubes": [
						{"origin": [15.60908, 27.06017, 5], "size": [10, 5, 3], "uv": [87, 23]},
						{"origin": [25.60908, 27.06017, 8], "size": [0, 5, 2], "pivot": [25.60908, 29.56017, 8], "rotation": [0, -20, 0], "uv": [1, 100]},
						{"origin": [25.60908, 27.06017, 5], "size": [0, 5, 2], "pivot": [25.60908, 29.56017, 5], "rotation": [180, 20, 0], "uv": [1, 100]},
						{"origin": [25.60908, 31.06017, 5], "size": [0, 2, 3], "pivot": [25.60908, 31.06017, 6.5], "rotation": [0, 0, -20], "uv": [1, 102]},
						{"origin": [25.60908, 28.06017, 5], "size": [0, 2, 3], "pivot": [25.60908, 28.06017, 6.5], "rotation": [0, 0, -160], "uv": [1, 102]}
					]
				},
				{
					"name": "mano",
					"parent": "art",
					"pivot": [19.60908, -15.93983, 0],
					"cubes": [
						{"origin": [25.60908, 28.06017, 5], "size": [3, 3, 3], "uv": [42, 66]},
						{"origin": [28.60908, 28.01017, 4.5], "size": [1, 1, 3], "uv": [43, 4]},
						{"origin": [27.60908, 28.01017, 7.5], "size": [2, 1, 1], "uv": [22, 60]},
						{"origin": [28.60908, 29.06017, 4.5], "size": [1, 1, 3], "uv": [43, 0]},
						{"origin": [27.60908, 29.06017, 7.5], "size": [2, 1, 1], "uv": [63, 6]},
						{"origin": [28.60908, 30.11017, 4.5], "size": [1, 1, 3], "uv": [0, 50]},
						{"origin": [27.60908, 30.11017, 7.5], "size": [2, 1, 1], "uv": [68, 68]}
					]
				},
				{
					"name": "brazos2",
					"parent": "body",
					"pivot": [-8, 30.5, 6.5],
					"cubes": [
						{"origin": [-18, 26, 4], "size": [10, 5, 5], "uv": [85, 31], "mirror": true}
					]
				},
				{
					"name": "art2",
					"parent": "brazos2",
					"pivot": [-17.72638, 29.5, 7.5],
					"cubes": [
						{"origin": [-28, 26, 5], "size": [10, 5, 3], "uv": [87, 23], "mirror": true},
						{"origin": [-28, 26, 8], "size": [0, 5, 2], "pivot": [-28, 29.5, 8], "rotation": [0, 20, 0], "uv": [1, 100], "mirror": true},
						{"origin": [-28, 28, 5], "size": [0, 5, 2], "pivot": [-28, 29.5, 5], "rotation": [180, -20, 0], "uv": [1, 100], "mirror": true},
						{"origin": [-28, 31, 5], "size": [0, 2, 3], "pivot": [-28, 31, 6.5], "rotation": [0, 0, 20], "uv": [1, 102], "mirror": true},
						{"origin": [-28, 30, 5], "size": [0, 2, 3], "pivot": [-28, 28, 6.5], "rotation": [0, 0, 160], "uv": [1, 102], "mirror": true}
					]
				},
				{
					"name": "mano2",
					"parent": "art2",
					"pivot": [-22, -16.9, 0],
					"cubes": [
						{"origin": [-31, 27.1, 5], "size": [3, 3, 3], "uv": [42, 66], "mirror": true},
						{"origin": [-32, 27.05, 4.5], "size": [1, 1, 3], "uv": [43, 4], "mirror": true},
						{"origin": [-32, 27.05, 7.5], "size": [2, 1, 1], "uv": [22, 60], "mirror": true},
						{"origin": [-32, 28.1, 4.5], "size": [1, 1, 3], "uv": [43, 0], "mirror": true},
						{"origin": [-32, 28.1, 7.5], "size": [2, 1, 1], "uv": [63, 6], "mirror": true},
						{"origin": [-32, 29.15, 4.5], "size": [1, 1, 3], "uv": [0, 50], "mirror": true},
						{"origin": [-32, 29.15, 7.5], "size": [2, 1, 1], "uv": [68, 68], "mirror": true}
					]
				},
				{
					"name": "cabeza",
					"parent": "body",
					"pivot": [-1.13711, 32.47946, 6.03372],
					"cubes": [
						{"origin": [-5, 33, 2], "size": [8, 4, 1], "uv": [24, 66]},
						{"origin": [-3.53825, 38.93701, 2.975], "size": [2, 1, 0], "pivot": [-2.53825, 39.43701, 2], "rotation": [0, 0, 27.5], "uv": [1, 78]},
						{"origin": [-0.6, 38.73701, 2.975], "size": [2, 1, 0], "pivot": [0, 39.43701, 2.975], "rotation": [0, 0, -29.5], "uv": [1, 78]},
						{"origin": [-6, 33, 3], "size": [10, 8, 7], "uv": [43, 30]},
						{"origin": [-0.8, 41, 4], "size": [1, 3, 2], "pivot": [-0.5, 41, 4], "rotation": [-30, 0, 0], "uv": [37, 37]},
						{"origin": [-2.5, 41, 7], "size": [1, 4, 2], "pivot": [-1.5, 41, 7], "rotation": [-35, 0, 0], "uv": [0, 37]},
						{"origin": [-0.5, 38, 8], "size": [1, 4, 3], "pivot": [-0.5, 40, 10], "rotation": [-37.5, 0, 0], "uv": [0, 3]},
						{"origin": [-2, 35, 6], "size": [1, 6, 3], "pivot": [-1.5, 35, 10], "rotation": [-57.47314, 1.60667, 1.91561], "uv": [0, 23]},
						{"origin": [-3, 41, 3], "size": [1, 2, 1], "pivot": [-2.5, 41, 3], "rotation": [-35, 0, 0], "uv": [7, 31]}
					]
				},
				{
					"name": "mandibula",
					"parent": "cabeza",
					"pivot": [0, -7, 0],
					"cubes": [
						{"origin": [-4, 33, -1], "size": [6, 4, 3], "uv": [20, 50]},
						{"origin": [-2, 36.05, -2], "size": [2, 1, 2], "uv": [0, 74]}
					]
				},
				{
					"name": "rama",
					"parent": "mandibula",
					"pivot": [-2.64142, 34.5, -0.09093],
					"rotation": [10.47479, 17.22575, 3.13388],
					"cubes": [
						{"origin": [-3, 34.5, -6], "size": [1, 0, 6], "uv": [0, 0]},
						{"origin": [-3, 34.475, -7], "size": [1, 0, 2], "pivot": [-2.5, 34.5, -5], "rotation": [0, -45, 0], "uv": [6, 0]},
						{"origin": [-3.4, 34.525, -8.7], "size": [1, 0, 3], "pivot": [-2.5, 34.5, -6], "rotation": [0, 45, 0], "uv": [0, 0]}
					]
				},
				{
					"name": "orejas",
					"parent": "cabeza",
					"pivot": [8, -1, 2]
				},
				{
					"name": "3",
					"parent": "orejas",
					"pivot": [8, -1, 2],
					"cubes": [
						{"origin": [2, 39, 5], "size": [6, 6, 0], "uv": [89, 0]}
					]
				},
				{
					"name": "4",
					"parent": "orejas",
					"pivot": [-10, -1, 2],
					"cubes": [
						{"origin": [-10, 39, 5], "size": [6, 6, 0], "uv": [89, 0], "mirror": true}
					]
				},
				{
					"name": "legs",
					"parent": "pangoro",
					"pivot": [0, -12, 0]
				},
				{
					"name": "1",
					"parent": "legs",
					"pivot": [5, 12.9006, 5.85714],
					"cubes": [
						{"origin": [2, 8, 4], "size": [6, 7, 6], "uv": [65, 45]},
						{"origin": [2, 2, 3], "size": [6, 6, 7], "uv": [47, 16]},
						{"origin": [8, 2, 3], "size": [3, 0, 7], "pivot": [8, 2, 6.5], "rotation": [0, 0, -17.5], "uv": [79, 70]},
						{"origin": [2, 2, 3], "size": [3, 0, 7], "pivot": [2, 2, 6.5], "rotation": [180, 0, -162.5], "uv": [79, 70]},
						{"origin": [2, 2, 0], "size": [6, 0, 3], "pivot": [5, 2, 3], "rotation": [-17.5, 0, 0], "uv": [49, 74]},
						{"origin": [2, 2, 7], "size": [6, 0, 3], "pivot": [5, 2, 10], "rotation": [162.5, 0, 180], "uv": [49, 74]},
						{"origin": [4, 0, 1], "size": [2, 2, 1], "uv": [57, 66]}
					]
				},
				{
					"name": "patas",
					"parent": "1",
					"pivot": [-1, -18, 1],
					"cubes": [
						{"origin": [2, 0, 2], "size": [6, 2, 8], "uv": [0, 50]},
						{"origin": [2, 0, 1], "size": [2, 2, 1], "uv": [63, 66]},
						{"origin": [6, 0, 1], "size": [2, 2, 1], "uv": [51, 66]},
						{"origin": [2.5, 0, -1], "size": [1, 1, 2], "uv": [0, 63]},
						{"origin": [4.5, 0, -1], "size": [1, 1, 2], "uv": [18, 60]},
						{"origin": [6.5, 0, -1], "size": [1, 1, 2], "uv": [52, 59]}
					]
				},
				{
					"name": "2",
					"parent": "legs",
					"pivot": [-7, 14.90946, 6.85414],
					"cubes": [
						{"origin": [-10, 8, 4], "size": [6, 7, 6], "uv": [0, 60]},
						{"origin": [-10, 2, 3], "size": [3, 0, 7], "pivot": [-10, 2, 6.5], "rotation": [180, 0, -162.5], "uv": [79, 70]},
						{"origin": [-4, 2, 3], "size": [3, 0, 7], "pivot": [-4, 2, 6.5], "rotation": [0, 0, -17.5], "uv": [79, 70]},
						{"origin": [-10, 2, 0], "size": [6, 0, 3], "pivot": [-5, 2, 3], "rotation": [-17.5, 0, 0], "uv": [49, 74], "mirror": true},
						{"origin": [-10, 2, 7], "size": [6, 0, 3], "pivot": [-7, 2, 10], "rotation": [160, 0, 180], "uv": [49, 74], "mirror": true},
						{"origin": [-10, 2, 3], "size": [6, 6, 7], "uv": [39, 45]},
						{"origin": [-8, 0, 1], "size": [2, 2, 1], "uv": [0, 60]}
					]
				},
				{
					"name": "patas2",
					"parent": "2",
					"pivot": [-13, -18, 1],
					"cubes": [
						{"origin": [-10, 0, 2], "size": [6, 2, 8], "uv": [43, 0]},
						{"origin": [-10, 0, 1], "size": [2, 2, 1], "uv": [48, 58]},
						{"origin": [-6, 0, 1], "size": [2, 2, 1], "uv": [0, 54]},
						{"origin": [-9.5, 0, -1], "size": [1, 1, 2], "uv": [0, 43]},
						{"origin": [-7.5, 0, -1], "size": [1, 1, 2], "uv": [39, 31]},
						{"origin": [-5.5, 0, -1], "size": [1, 1, 2], "uv": [5, 23]}
					]
				}
			]
		}
	]
}