{
	"format_version": "1.12.0",
	"minecraft:geometry": [
		{
			"description": {
				"identifier": "geometry.unknown",
				"texture_width": 128,
				"texture_height": 128,
				"visible_bounds_width": 4,
				"visible_bounds_height": 4.5,
				"visible_bounds_offset": [0, 1.75, 0]
			},
			"bones": [
				{
					"name": "slaking",
					"pivot": [0, 0, 0]
				},
				{
					"name": "body",
					"parent": "slaking",
					"pivot": [0, 5, 0]
				},
				{
					"name": "torzo",
					"parent": "body",
					"pivot": [0, 6, 0],
					"cubes": [
						{"origin": [-10, 28, 0], "size": [19, 11, 12], "uv": [0, 32]},
						{"origin": [-10, 39, -12], "size": [19, 0, 12], "pivot": [-0.5, 39, 0], "rotation": [37.5, 0, 0], "uv": [38, 32]},
						{"origin": [-9, 30, -1], "size": [8, 8, 1], "uv": [82, 100]},
						{"origin": [-11, 14, -2], "size": [21, 14, 16], "uv": [2, 2]},
						{"origin": [0, 30, -1], "size": [8, 8, 1], "uv": [1, 100]}
					]
				},
				{
					"name": "brazos",
					"parent": "torzo",
					"pivot": [0, 6, 0]
				},
				{
					"name": "3",
					"parent": "brazos",
					"pivot": [9, 39, 5],
					"cubes": [
						{"origin": [9, 32, 1], "size": [8, 7, 8], "uv": [78, 111]}
					]
				},
				{
					"name": "art",
					"parent": "3",
					"pivot": [16.79971, 38.71309, 5.2],
					"cubes": [
						{"origin": [17, 35.23853, -1.48858], "size": [8, 6, 7], "uv": [48, 112]},
						{"origin": [25, 41.23853, -0.48858], "size": [0, 3, 6], "pivot": [25, 41.23853, 2.51142], "rotation": [0, 0, 27.5], "uv": [0, 35]},
						{"origin": [25, 36.23853, -4.48858], "size": [0, 5, 3], "pivot": [25, 38.73853, -1.48858], "rotation": [0, -30, 0], "uv": [0, 52]},
						{"origin": [25, 36.23853, 5.51142], "size": [0, 5, 3], "pivot": [25, 38.73853, 5.51142], "rotation": [0, 30, 0], "uv": [0, 10]},
						{"origin": [25, 32.23853, -0.48858], "size": [0, 3, 6], "pivot": [25, 35.23853, 2.51142], "rotation": [0, 0, -32.5], "uv": [0, 32]}
					]
				},
				{
					"name": "mano",
					"parent": "art",
					"pivot": [39, 8.23853, -1.98858],
					"cubes": [
						{"origin": [25, 35.73853, 0.51142], "size": [4, 5, 4], "uv": [101, 9]},
						{"origin": [26.94229, 39.99638, 1.51142], "size": [1, 1, 1], "pivot": [27.04112, 40.36645, 1.75526], "rotation": [8.07413, 5.88295, -51.613], "uv": [43, 71]},
						{"origin": [27.3548, 39.99638, 1.86241], "size": [2, 1, 1], "pivot": [27.04112, 40.36645, 1.75526], "rotation": [10.58043, 40.45571, -45.53541], "uv": [40, 66]},
						{"origin": [29, 35.73853, 1.51142], "size": [1, 1, 1], "uv": [43, 69]},
						{"origin": [29, 39.73853, 1.51142], "size": [1, 1, 1], "uv": [40, 70]},
						{"origin": [30, 39.73853, 1.51142], "size": [2, 1, 1], "pivot": [30, 40.23853, 2.51142], "rotation": [0, 45, 0], "uv": [0, 64]},
						{"origin": [30, 38.43853, 1.51142], "size": [2, 1, 1], "pivot": [30, 38.93853, 2.51142], "rotation": [0, 42.5, 0], "uv": [0, 62]},
						{"origin": [30, 35.73853, 1.51142], "size": [2, 1, 1], "pivot": [30, 36.23853, 2.51142], "rotation": [0, 62.5, 0], "uv": [5, 63]},
						{"origin": [30, 37.03853, 1.51142], "size": [2, 1, 1], "pivot": [30, 37.53853, 2.51142], "rotation": [0, 50, 0], "uv": [41, 61]},
						{"origin": [29, 38.43853, 1.51142], "size": [1, 1, 1], "uv": [40, 68]},
						{"origin": [29, 37.03853, 1.51142], "size": [1, 1, 1], "uv": [45, 67]}
					]
				},
				{
					"name": "4",
					"parent": "brazos",
					"pivot": [-10, 39, 5],
					"cubes": [
						{"origin": [-18, 32, 1], "size": [8, 7, 8], "uv": [78, 111]}
					]
				},
				{
					"name": "art2",
					"parent": "4",
					"pivot": [-17.81119, 38.7, 5.20679],
					"cubes": [
						{"origin": [-26, 35.5, -1.5], "size": [8, 6, 7], "uv": [48, 112]},
						{"origin": [-26, 41.5, -0.5], "size": [0, 3, 6], "pivot": [-26, 41.5, 2.5], "rotation": [0, 0, -30], "uv": [0, 29]},
						{"origin": [-26, 36.5, -4.5], "size": [0, 5, 3], "pivot": [-26, 39, -1.5], "rotation": [0, 32.5, 0], "uv": [0, 5]},
						{"origin": [-26, 36.5, 5.5], "size": [0, 5, 3], "pivot": [-26, 39, 5.5], "rotation": [0, -30, 0], "uv": [0, 0]},
						{"origin": [-26, 32.5, -0.5], "size": [0, 3, 6], "pivot": [-26, 35.5, 2.5], "rotation": [0, 0, 30], "uv": [0, 26]}
					]
				},
				{
					"name": "mano2",
					"parent": "art2",
					"pivot": [-40, 8.5, -2],
					"cubes": [
						{"origin": [-30, 36, 0.5], "size": [4, 5, 4], "uv": [40, 98]},
						{"origin": [-28.94229, 40.25785, 1.5], "size": [1, 1, 1], "pivot": [-28.04112, 40.62792, 1.74385], "rotation": [8.07413, -5.88295, 51.613], "uv": [47, 61]},
						{"origin": [-30.3548, 40.25785, 1.85099], "size": [2, 1, 1], "pivot": [-28.04112, 40.62792, 1.74385], "rotation": [10.58043, -40.45571, 45.53541], "uv": [5, 61]},
						{"origin": [-31, 36, 1.5], "size": [1, 1, 1], "uv": [47, 59]},
						{"origin": [-31, 40, 1.5], "size": [1, 1, 1], "uv": [47, 57]},
						{"origin": [-33, 40, 1.5], "size": [2, 1, 1], "pivot": [-31, 40.5, 2.5], "rotation": [0, -45, 0], "uv": [0, 60]},
						{"origin": [-33, 38.7, 1.5], "size": [2, 1, 1], "pivot": [-31, 39.2, 2.5], "rotation": [0, -42.5, 0], "uv": [41, 59]},
						{"origin": [-33, 36, 1.5], "size": [2, 1, 1], "pivot": [-31, 36.5, 2.5], "rotation": [0, -62.5, 0], "uv": [5, 59]},
						{"origin": [-33, 37.3, 1.5], "size": [2, 1, 1], "pivot": [-31, 37.8, 2.5], "rotation": [0, -50, 0], "uv": [41, 57]},
						{"origin": [-31, 38.7, 1.5], "size": [1, 1, 1], "uv": [6, 57]},
						{"origin": [-31, 37.3, 1.5], "size": [1, 1, 1], "uv": [6, 55]}
					]
				},
				{
					"name": "head",
					"parent": "body",
					"pivot": [-0.53157, 38.22175, 8.77872],
					"cubes": [
						{"origin": [-6, 46, 0], "size": [11, 3, 1], "uv": [94, 75]},
						{"origin": [-6, 39, 1], "size": [11, 10, 9], "uv": [40, 64]},
						{"origin": [-5.5, 49, 0.5], "size": [10, 2, 9], "uv": [80, 35]},
						{"origin": [-5.5, 51, 4.5], "size": [10, 4, 0], "uv": [94, 79]},
						{"origin": [-6.5, 39, -2], "size": [12, 5, 3], "uv": [81, 91]},
						{"origin": [2.6, 41.25, -2.025], "size": [1, 1, 0], "pivot": [3, 42, -3], "rotation": [10.07673, -9.96156, 44.11955], "uv": [6, 3]},
						{"origin": [-2.4, 36.25, -2.025], "size": [1, 1, 0], "pivot": [3, 42, -3], "rotation": [10.07673, -9.96156, 44.11955], "uv": [6, 2]},
						{"origin": [-3, 42, -3], "size": [5, 3, 2], "uv": [71, 68]},
						{"origin": [-3, 42, -3], "size": [5, 3, 2], "uv": [71, 68]}
					]
				},
				{
					"name": "ojos",
					"parent": "head",
					"pivot": [0, 16, 0]
				},
				{
					"name": "1",
					"parent": "ojos",
					"pivot": [-1, 12, -3.025],
					"cubes": [
						{"origin": [0, 44.3, 0.975], "size": [4, 2, 0], "uv": [41, 55]},
						{"origin": [0.5, 45, 0.95], "size": [3, 1, 0], "uv": [41, 63]},
						{"origin": [1.5, 45.3, 0.925], "size": [1, 1, 0], "uv": [6, 5]}
					]
				},
				{
					"name": "2",
					"parent": "ojos",
					"pivot": [-6, 12, -3.025],
					"cubes": [
						{"origin": [-5, 44.3, 0.975], "size": [4, 2, 0], "uv": [0, 0]},
						{"origin": [-4.5, 45, 0.95], "size": [3, 1, 0], "uv": [0, 2]},
						{"origin": [-3.5, 45.3, 0.925], "size": [1, 1, 0], "uv": [6, 4]}
					]
				},
				{
					"name": "piernas",
					"parent": "body",
					"pivot": [0, 5, 0]
				},
				{
					"name": "5",
					"parent": "piernas",
					"pivot": [6.5, 16.5, 5.5],
					"cubes": [
						{"origin": [2, 12, 0], "size": [9, 9, 11], "uv": [0, 55]}
					]
				},
				{
					"name": "art3",
					"parent": "5",
					"pivot": [6.5, 10.99054, 6.42661],
					"cubes": [
						{"origin": [3, 4, 2], "size": [7, 8, 9], "uv": [78, 13]},
						{"origin": [-1, 3.5, 2], "size": [4, 0, 9], "pivot": [2, 4, 6.5], "rotation": [0, 0, -35], "uv": [20, 55]},
						{"origin": [10, 3.5, 2], "size": [4, 0, 9], "pivot": [11, 4, 6.5], "rotation": [0, 0, 35], "uv": [51, 0]},
						{"origin": [2, 4, -3], "size": [9, 0, 5], "pivot": [6.5, 4, 2], "rotation": [15, 0, 0], "uv": [89, 70]},
						{"origin": [2, 4, 11], "size": [9, 0, 5], "pivot": [6.5, 4, 11], "rotation": [-35, 0, 0], "uv": [47, 83]}
					]
				},
				{
					"name": "pie",
					"parent": "art3",
					"pivot": [5.22511, 3, 2.84519],
					"cubes": [
						{"origin": [3, 0, 2], "size": [7, 4, 9], "uv": [0, 75]},
						{"origin": [3, 0, -4], "size": [7, 3, 6], "uv": [87, 0]},
						{"origin": [2, 0, -4], "size": [2, 2, 8], "pivot": [3, 1.5, 1.5], "rotation": [0, 12.5, 0], "uv": [20, 96]}
					]
				},
				{
					"name": "6",
					"parent": "piernas",
					"pivot": [-7.5, 16.5, 5.5],
					"cubes": [
						{"origin": [-12, 12, 0], "size": [9, 9, 11], "uv": [51, 44]}
					]
				},
				{
					"name": "art4",
					"parent": "6",
					"pivot": [-7.5, 3.99054, 6.42661],
					"cubes": [
						{"origin": [-11, 4, 2], "size": [7, 8, 9], "uv": [71, 74]},
						{"origin": [-12, 4, 11], "size": [9, 0, 5], "pivot": [-7.5, 4, 11], "rotation": [-35, 0, 0], "uv": [47, 83]},
						{"origin": [-15, 3.5, 2], "size": [4, 0, 9], "pivot": [-12, 4, 6.5], "rotation": [0, 0, -35], "uv": [20, 55]},
						{"origin": [-4, 3.5, 2], "size": [4, 0, 9], "pivot": [-3, 4, 6.5], "rotation": [0, 0, 35], "uv": [50, 0]},
						{"origin": [-12, 4, -3], "size": [9, 0, 5], "pivot": [-7.5, 4, 2], "rotation": [15, 0, 0], "uv": [89, 70]}
					]
				},
				{
					"name": "pie2",
					"parent": "art4",
					"pivot": [-6.22511, 3.5, 9.84519],
					"cubes": [
						{"origin": [-11, 0, 2], "size": [7, 4, 9], "uv": [60, 0]},
						{"origin": [-11, 0, -4], "size": [7, 3, 6], "uv": [80, 46]},
						{"origin": [-5, 0, -4], "size": [2, 2, 8], "pivot": [-4, 1.5, 1.5], "rotation": [0, -12.5, 0], "uv": [29, 56]}
					]
				}
			]
		}
	]
}