{
	"format_version": "1.12.0",
	"minecraft:geometry": [
		{
			"description": {
				"identifier": "geometry.unknown",
				"texture_width": 128,
				"texture_height": 128,
				"visible_bounds_width": 3,
				"visible_bounds_height": 3.5,
				"visible_bounds_offset": [0, 1.25, 0]
			},
			"bones": [
				{
					"name": "vigoroth",
					"pivot": [0, 0, 0]
				},
				{
					"name": "body",
					"parent": "vigoroth",
					"pivot": [0, 0, 0]
				},
				{
					"name": "piernas",
					"parent": "body",
					"pivot": [3, -15.6, 7]
				},
				{
					"name": "5",
					"parent": "piernas",
					"pivot": [6, 9.4, 2],
					"rotation": [-32.24607, -20.68565, -4.20622],
					"cubes": [
						{"origin": [3, 3.4, -1], "size": [6, 6, 6], "uv": [24, 58]}
					]
				},
				{
					"name": "art3",
					"parent": "5",
					"pivot": [6, 3.4, 1],
					"rotation": [67.5, 0, 0],
					"cubes": [
						{"origin": [3.5, -2.6, 2], "size": [5, 6, 3], "uv": [70, 29]}
					]
				},
				{
					"name": "pie",
					"parent": "art3",
					"pivot": [6, -2.8, 5.1],
					"rotation": [-32.40109, 2.68407, 4.22005],
					"cubes": [
						{"origin": [4, -4.6, -1], "size": [4, 2, 6], "uv": [62, 64]},
						{"origin": [4.5, -4.6, -2], "size": [1, 2, 1], "uv": [62, 48]},
						{"origin": [4.5, -4.6, -4], "size": [1, 1, 2], "uv": [55, 28]},
						{"origin": [6.5, -4.6, -4], "size": [1, 1, 2], "uv": [6, 10]},
						{"origin": [6.5, -4.6, -2], "size": [1, 2, 1], "uv": [42, 61]}
					]
				},
				{
					"name": "6",
					"parent": "piernas",
					"pivot": [-7, 9.4, 2],
					"rotation": [-37.61726, 24.81352, 0.19263],
					"cubes": [
						{"origin": [-10, 3.4, -1], "size": [6, 6, 6], "uv": [49, 52]}
					]
				},
				{
					"name": "art4",
					"parent": "6",
					"pivot": [-7, 3.4, 1],
					"rotation": [67.5, 0, 0],
					"cubes": [
						{"origin": [-9.5, -2.6, 2], "size": [5, 6, 3], "uv": [29, 70]}
					]
				},
				{
					"name": "pie2",
					"parent": "art4",
					"pivot": [-7, -2.8, 5.1],
					"rotation": [-30, 0, 0],
					"cubes": [
						{"origin": [-9, -4.6, -1], "size": [4, 2, 6], "uv": [42, 64]},
						{"origin": [-8.5, -4.6, -2], "size": [1, 2, 1], "uv": [7, 24]},
						{"origin": [-8.5, -4.6, -4], "size": [1, 1, 2], "uv": [7, 5]},
						{"origin": [-6.5, -4.6, -4], "size": [1, 1, 2], "uv": [7, 0]},
						{"origin": [-6.5, -4.6, -2], "size": [1, 2, 1], "uv": [7, 19]}
					]
				},
				{
					"name": "torzo",
					"parent": "body",
					"pivot": [-0.5, 10.9, -0.1],
					"rotation": [42.5, 0, 0],
					"cubes": [
						{"origin": [-6.5, 26.4, -3], "size": [12, 1, 7], "uv": [37, 19]},
						{"origin": [-8, 20.4, -7], "size": [15, 6, 13], "uv": [0, 0]},
						{"origin": [-1, 17.4, -12], "size": [0, 9, 7], "uv": [38, 74]},
						{"origin": [6, 26.4, -7], "size": [0, 4, 13], "uv": [0, 69]},
						{"origin": [-7, 26.4, -7], "size": [0, 4, 13], "uv": [0, 81]},
						{"origin": [-5.5, 27.4, -2], "size": [10, 8, 5], "uv": [0, 40]},
						{"origin": [-4.5, 32.4, -2], "size": [8, 3, 3], "uv": [67, 48]},
						{"origin": [-7, 7.4, -6], "size": [13, 13, 11], "uv": [70, 85]},
						{"origin": [-0.5, 7.4, 2], "size": [0, 7, 16], "uv": [88, -11]}
					]
				},
				{
					"name": "brazos",
					"parent": "torzo",
					"pivot": [15, -7.6, 8]
				},
				{
					"name": "4",
					"parent": "brazos",
					"pivot": [-8, 23.9, -2],
					"rotation": [79.39198, -69.57021, -76.66282],
					"cubes": [
						{"origin": [-14.5, 21.4, -2], "size": [10, 5, 5], "uv": [0, 53]}
					]
				},
				{
					"name": "art2",
					"parent": "4",
					"pivot": [-14.41443, 25.82184, 0.5],
					"rotation": [0, 0, -15],
					"cubes": [
						{"origin": [-21.23995, 21.82565, -1.5], "size": [7, 4, 4], "uv": [0, 63]}
					]
				},
				{
					"name": "mano2",
					"parent": "art2",
					"pivot": [-21.23995, 24.82565, 0.5],
					"rotation": [93.70086, -2.30068, -10.14539],
					"cubes": [
						{"origin": [-24.93994, 22.38975, -1.95178], "size": [4, 5, 3], "uv": [0, 71]}
					]
				},
				{
					"name": "dedos2",
					"parent": "mano2",
					"pivot": [-43.02551, -6.53209, 8.04822],
					"cubes": [
						{"origin": [-26.93994, 25.38975, -1.95178], "size": [2, 2, 3], "uv": [0, 24]},
						{"origin": [-28.93994, 25.38975, -0.95178], "size": [2, 2, 2], "uv": [30, 44]},
						{"origin": [-26.93994, 22.38975, -1.95178], "size": [2, 2, 3], "uv": [0, 19]},
						{"origin": [-28.93994, 22.38975, -0.95178], "size": [2, 2, 2], "uv": [43, 9]}
					]
				},
				{
					"name": "3",
					"parent": "brazos",
					"pivot": [7, 25.9, -2],
					"rotation": [-93.91152, 2.22431, -53.26284],
					"cubes": [
						{"origin": [3.5, 23.4, -2], "size": [10, 5, 5], "uv": [25, 48]}
					]
				},
				{
					"name": "art5",
					"parent": "3",
					"pivot": [12.91443, 26.82184, 2.5],
					"rotation": [41.41927, 21.81439, 21.27119],
					"cubes": [
						{"origin": [13.41443, 24.82184, -1.5], "size": [7, 4, 4], "uv": [56, 9]}
					]
				},
				{
					"name": "mano3",
					"parent": "art5",
					"pivot": [20.41443, 26.82184, 1.5],
					"rotation": [0, 15, 0],
					"cubes": [
						{"origin": [20.41443, 24.32184, -1], "size": [4, 5, 3], "uv": [69, 0]}
					]
				},
				{
					"name": "dedos3",
					"parent": "mano3",
					"pivot": [42.5, -4.6, 9],
					"cubes": [
						{"origin": [24.41443, 27.32184, -1], "size": [2, 2, 3], "uv": [0, 5]},
						{"origin": [26.41443, 27.32184, 0], "size": [2, 2, 2], "uv": [43, 4]},
						{"origin": [24.41443, 24.32184, -1], "size": [2, 2, 3], "uv": [0, 0]},
						{"origin": [26.41443, 24.32184, 0], "size": [2, 2, 2], "uv": [43, 0]}
					]
				},
				{
					"name": "head",
					"parent": "torzo",
					"pivot": [-0.46303, 29.68206, -2.325],
					"rotation": [-40, 0, 0],
					"cubes": [
						{"origin": [-6, 29.4, -11], "size": [11, 8, 9], "uv": [39, 31]},
						{"origin": [5, 34.4, -6], "size": [2, 3, 1], "uv": [51, 9]},
						{"origin": [-8, 34.4, -6], "size": [2, 3, 1], "uv": [50, 48]},
						{"origin": [-4.5, 23.4, -10.475], "size": [1, 1, 0], "pivot": [3.5, 24.9, -11.975], "rotation": [0, 0, 45], "uv": [0, 5]},
						{"origin": [-1.5, 30.9, -12], "size": [2, 2, 1], "uv": [59, 27]},
						{"origin": [-1.5, 26.4, -10.475], "size": [1, 1, 0], "pivot": [3.5, 24.9, -11.975], "rotation": [0, 0, 45], "uv": [0, 2]}
					]
				},
				{
					"name": "pelo",
					"parent": "head",
					"pivot": [4, 0.4, -12],
					"cubes": [
						{"origin": [-2, 33.4, -12], "size": [3, 1, 1], "uv": [0, 10]},
						{"origin": [-2.5, 34.4, -12], "size": [4, 3, 1], "uv": [25, 40]},
						{"origin": [-2.5, 37.4, -12], "size": [4, 4, 3], "pivot": [-0.5, 37.4, -12], "rotation": [-37.5, 0, 0], "uv": [45, 72]},
						{"origin": [0.6, 40.4, -12.1], "size": [1, 3, 1], "pivot": [-0.5, 37.4, -12], "rotation": [-37.5, 0, 0], "uv": [0, 53]},
						{"origin": [-2.6, 40.4, -12.1], "size": [1, 3, 1], "pivot": [-0.5, 37.4, -12], "rotation": [-37.5, 0, 0], "uv": [35, 40]},
						{"origin": [-1.5, 33.9, -13], "size": [2, 4, 1], "uv": [37, 19]},
						{"origin": [-1, 39.4, -12.5], "size": [1, 4, 1], "pivot": [-0.5, 37.4, -12], "rotation": [-37.5, 0, 0], "uv": [0, 40]}
					]
				},
				{
					"name": "ojos",
					"parent": "head",
					"pivot": [-0.5, 0.4, -2.025]
				},
				{
					"name": "1",
					"parent": "ojos",
					"pivot": [1.86667, 33.76667, -11.05],
					"cubes": [
						{"origin": [0.5, 32.4, -11.025], "size": [3, 3, 0], "uv": [42, 58]},
						{"origin": [1, 32.9, -11.05], "size": [2, 2, 0], "uv": [56, 17]},
						{"origin": [1.1, 33, -11.075], "size": [1, 1, 0], "uv": [0, 1]}
					]
				},
				{
					"name": "2",
					"parent": "ojos",
					"pivot": [-5.5, 0.4, -2.025],
					"cubes": [
						{"origin": [-4.5, 32.4, -11.025], "size": [3, 3, 0], "uv": [56, 48]},
						{"origin": [-4, 32.9, -11.05], "size": [2, 2, 0], "uv": [37, 24]},
						{"origin": [-3.2, 33, -11.075], "size": [1, 1, 0], "uv": [0, 0]}
					]
				},
				{
					"name": "mandibula",
					"parent": "head",
					"pivot": [-0.5, 29.4, -1.98333],
					"rotation": [27.5, 0, 0],
					"cubes": [
						{"origin": [-5, 28.4, -10], "size": [9, 1, 8], "uv": [43, 0]},
						{"origin": [-5, 28.4, -10.975], "size": [9, 2, 1], "uv": [37, 27]},
						{"origin": [0.5, 28.4, -10.475], "size": [1, 1, 0], "pivot": [3.5, 27.9, -11.975], "rotation": [0, 0, 45], "uv": [0, 7]},
						{"origin": [-3.5, 24.4, -10.475], "size": [1, 1, 0], "pivot": [3.5, 27.9, -11.975], "rotation": [0, 0, 45], "uv": [0, 6]},
						{"origin": [-5.975, 28.4, -9.975], "size": [1, 2, 8], "uv": [14, 63]},
						{"origin": [3.975, 28.4, -9.975], "size": [1, 2, 8], "uv": [67, 19]}
					]
				}
			]
		}
	]
}