{
	"format_version": "1.12.0",
	"minecraft:geometry": [
		{
			"description": {
				"identifier": "geometry.unknown",
				"texture_width": 64,
				"texture_height": 64,
				"visible_bounds_width": 3,
				"visible_bounds_height": 2.5,
				"visible_bounds_offset": [0, 0.75, 0]
			},
			"bones": [
				{
					"name": "body",
					"pivot": [0, 0, 0]
				},
				{
					"name": "head",
					"parent": "body",
					"pivot": [-0.9, 8.777, -2.06667],
					"cubes": [
						{"origin": [-3.9, 7.7, -4], "size": [6, 6, 6], "uv": [0, 0]},
						{"origin": [-3.4, 8.2, -4], "size": [5, 2, 0], "uv": [17, 34]},
						{"origin": [-1.9, 7.8, -3.2], "size": [2, 1, 2], "uv": [31, 33]},
						{"origin": [1.6, 8.177, -3.96667], "size": [0, 2, 2], "uv": [39, 3]},
						{"origin": [-3.4, 8.177, -3.96667], "size": [0, 2, 2], "uv": [35, 26]},
						{"origin": [-3.4, 8.177, -1.96667], "size": [5, 2, 0], "uv": [4, 42]},
						{"origin": [-3.4, 8.177, -3.96667], "size": [5, 0, 2], "uv": [24, 38]},
						{"origin": [-3.4, 10.177, -3.96667], "size": [5, 0, 2], "uv": [35, 16]}
					]
				},
				{
					"name": "oreja1",
					"parent": "head",
					"pivot": [-3.9, 11.8, 0],
					"cubes": [
						{"origin": [-3.9, 4.8, -1], "size": [0, 7, 2], "uv": [0, 24]}
					]
				},
				{
					"name": "bone5",
					"parent": "oreja1",
					"pivot": [-3.9, 4.8, 0],
					"cubes": [
						{"origin": [-3.9, 0.8, -1.5], "size": [0, 4, 3], "uv": [20, 21]}
					]
				},
				{
					"name": "oreja2",
					"parent": "head",
					"pivot": [2.1, 11.8, 0],
					"cubes": [
						{"origin": [2.1, 4.8, -1], "size": [0, 7, 2], "uv": [10, 22]}
					]
				},
				{
					"name": "bone6",
					"parent": "oreja2",
					"pivot": [2.1, 4.8, 0],
					"cubes": [
						{"origin": [2.1, 0.8, -1.5], "size": [0, 4, 3], "uv": [14, 21]}
					]
				},
				{
					"name": "cuerno",
					"parent": "head",
					"pivot": [-0.9, 12.97664, -0.80254],
					"cubes": [
						{"origin": [-1.9, 14.8, -6.9], "size": [2, 2, 7], "pivot": [-0.9, 14.8, -6], "rotation": [-27.5, 0, 0], "uv": [13, 15]},
						{"origin": [-1.9, 12.8, -6.9], "size": [2, 2, 2], "pivot": [-0.9, 14.8, -6], "rotation": [-27.5, 0, 0], "uv": [24, 26]}
					]
				},
				{
					"name": "cuerpo",
					"parent": "body",
					"pivot": [-0.93333, 6.03187, -0.5],
					"cubes": [
						{"origin": [-3.5, 2.1, -3], "size": [5, 5, 5], "uv": [0, 12]},
						{"origin": [-1.9, 6.3, -1.5], "size": [2, 1.7, 2], "uv": [28, 9]},
						{"origin": [-2.9, 6.3, -2.5], "size": [4, 1.2, 4], "uv": [18, 0]}
					]
				},
				{
					"name": "pies",
					"parent": "cuerpo",
					"pivot": [0, 0, 0]
				},
				{
					"name": "pie1",
					"parent": "pies",
					"pivot": [-2.1, 1.6, -0.6],
					"cubes": [
						{"origin": [-2.5, 1.1, -1], "size": [1, 1, 1], "uv": [0, 12]},
						{"origin": [-3.2, 0.1, -2.7], "size": [2, 1, 3], "uv": [24, 5]}
					]
				},
				{
					"name": "pie2",
					"parent": "pies",
					"pivot": [-0.1, 1.1, -0.55],
					"cubes": [
						{"origin": [-0.5, 1.1, -1], "size": [1, 1, 1], "uv": [0, 3]},
						{"origin": [-1.2, 0.1, -2.7], "size": [2, 1, 3], "uv": [0, 22]}
					]
				},
				{
					"name": "cola",
					"parent": "cuerpo",
					"pivot": [-1.1, 3.1, 4.2],
					"cubes": [
						{"origin": [-1.6, 2.6, 2], "size": [1, 1, 2], "uv": [0, 0]},
						{"origin": [-2.1, 2.6, 3.9], "size": [2, 1, 3], "uv": [21, 9]}
					]
				},
				{
					"name": "falda",
					"parent": "cuerpo",
					"pivot": [0, -4.9, 0]
				},
				{
					"name": "bone",
					"parent": "falda",
					"pivot": [1.5, 2.1, -0.5],
					"cubes": [
						{"origin": [4, 0.1, -0.5], "size": [5, 2, 0], "pivot": [4, 1.1, -3], "rotation": [0, -90, 0], "uv": [24, 19]}
					]
				},
				{
					"name": "bone2",
					"parent": "falda",
					"pivot": [-3.5, 2.1, -0.5],
					"cubes": [
						{"origin": [-6, 0.1, -0.5], "size": [5, 2, 0], "pivot": [-3.5, 1.1, -0.5], "rotation": [0, 90, 0], "uv": [24, 19]}
					]
				},
				{
					"name": "bone3",
					"parent": "falda",
					"pivot": [-1, 2.1, -3],
					"cubes": [
						{"origin": [-3.5, 0.1, -3], "size": [5, 2, 0], "uv": [24, 17]}
					]
				},
				{
					"name": "bone4",
					"parent": "falda",
					"pivot": [-1, 2.1, 2],
					"cubes": [
						{"origin": [-3.5, 0.1, 2], "size": [5, 2, 0], "pivot": [-1, 1.1, 2], "rotation": [0, 180, 0], "uv": [24, 17]}
					]
				}
			]
		}
	]
}